country,admin_1,admin_2,year,season_name,season_type,product,area_planted,quantity_produced,yield
Togo,Centre,Blitta,2016,Annual,Harvest,Rice (Paddy),5708.0,9152.42,1.60343728100911
Togo,Centre,Blitta,2016,Main,Harvest,Beans (mixed),28489.0,12047.14,0.4228698796026537
Togo,Centre,Blitta,2016,Main,Harvest,Cassava,7552.0,34067.07,4.510999735169492
Togo,Centre,Blitta,2016,Main,Harvest,Groundnuts (In Shell),572.0,341.13,0.5963811188811189
Togo,Centre,Blitta,2016,Main,Harvest,Maize (Corn),13452.0,19326.11,1.4366718703538508
Togo,Centre,Blitta,2016,Main,Harvest,Sorghum,13086.0,10820.53,0.8268783432676143
Togo,Centre,Blitta,2016,Main,Harvest,Soybean (unspecified),1697.0,1119.95,0.659958750736594
Togo,Centre,Blitta,2016,Main,Harvest,Yams,4177.0,31243.79,7.479959300933685
Togo,Centre,Blitta,2017,Annual,Harvest,Rice (Paddy),4991.58,6489.05,1.2999991986505277
Togo,Centre,Blitta,2017,Main,Harvest,Beans (mixed),20307.23,10014.81,0.4931647496975215
Togo,Centre,Blitta,2017,Main,Harvest,Cassava,6117.67,28765.08,4.701966598394487
Togo,Centre,Blitta,2017,Main,Harvest,Groundnuts (In Shell),653.21,465.78,0.7130631802942391
Togo,Centre,Blitta,2017,Main,Harvest,Maize (Corn),19710.73,29701.12,1.506850329744256
Togo,Centre,Blitta,2017,Main,Harvest,Sorghum,15823.73,10031.56,0.6339567219612569
Togo,Centre,Blitta,2017,Main,Harvest,Soybean (unspecified),2059.51,1040.05,0.5049987618414088
Togo,Centre,Blitta,2017,Main,Harvest,Yams,3254.17,29163.87,8.961999526761048
Togo,Centre,Blitta,2018,Annual,Harvest,Rice (Paddy),4968.06,6330.64,1.2742680241381947
Togo,Centre,Blitta,2018,Main,Harvest,Beans (mixed),21018.11,9627.08,0.4580373782419066
Togo,Centre,Blitta,2018,Main,Harvest,Cassava,6513.26,28991.43,4.451139675062872
Togo,Centre,Blitta,2018,Main,Harvest,Groundnuts (In Shell),668.34,484.55,0.7250052368554927
Togo,Centre,Blitta,2018,Main,Harvest,Maize (Corn),19317.67,28474.24,1.4739997111452885
Togo,Centre,Blitta,2018,Main,Harvest,Sorghum,15534.99,12750.55,0.8207633220233808
Togo,Centre,Blitta,2018,Main,Harvest,Soybean (unspecified),2361.51,1282.42,0.5430508445867263
Togo,Centre,Blitta,2018,Main,Harvest,Yams,3816.69,30787.59,8.066568151985098
Togo,Centre,Blitta,2019,Annual,Harvest,Rice (Paddy),6790.0,28856.0,4.249779086892489
Togo,Centre,Blitta,2019,Main,Harvest,Bambara groundnut,530.0,346.0,0.6528301886792452
Togo,Centre,Blitta,2019,Main,Harvest,Beans (mixed),21016.0,9260.0,0.4406166730110392
Togo,Centre,Blitta,2019,Main,Harvest,Cassava,3831.0,30099.0,7.856695379796398
Togo,Centre,Blitta,2019,Main,Harvest,Groundnuts (In Shell),704.0,400.0,0.5681818181818182
Togo,Centre,Blitta,2019,Main,Harvest,Maize (Corn),19799.0,29436.0,1.4867417546340724
Togo,Centre,Blitta,2019,Main,Harvest,Millet,4813.0,6016.0,1.2499480573446915
Togo,Centre,Blitta,2019,Main,Harvest,Sorghum,15821.0,13020.0,0.8229568295303711
Togo,Centre,Blitta,2019,Main,Harvest,Soybean (unspecified),2405.0,1306.0,0.5430353430353431
Togo,Centre,Blitta,2019,Main,Harvest,Yams,556.0,1136.0,2.0431654676258995
Togo,Centre,Mô,2016,Annual,Harvest,Rice (Paddy),2586.0,4354.824,1.684
Togo,Centre,Mô,2016,Main,Harvest,Beans (mixed),2708.0,1585.88,0.5856277695716396
Togo,Centre,Mô,2016,Main,Harvest,Cassava,13677.0,71417.91,5.221752577319588
Togo,Centre,Mô,2016,Main,Harvest,Groundnuts (In Shell),5351.0,4278.617,0.7995920388712391
Togo,Centre,Mô,2016,Main,Harvest,Maize (Corn),10809.0,16458.9,1.5227033028032195
Togo,Centre,Mô,2016,Main,Harvest,Sorghum,14221.0,12438.02,0.8746234442022361
Togo,Centre,Mô,2016,Main,Harvest,Soybean (unspecified),1890.0,1370.1,0.7249206349206349
Togo,Centre,Mô,2016,Main,Harvest,Yams,14845.0,147968.2,9.967544627820816
Togo,Centre,Mô,2017,Annual,Harvest,Rice (Paddy),3683.821,6851.908,1.860000255169836
Togo,Centre,Mô,2017,Main,Harvest,Beans (mixed),3351.0,1692.255,0.505
Togo,Centre,Mô,2017,Main,Harvest,Cassava,18500.0,97230.45,5.2557
Togo,Centre,Mô,2017,Main,Harvest,Groundnuts (In Shell),4510.0,3157.0,0.7
Togo,Centre,Mô,2017,Main,Harvest,Maize (Corn),18909.64,26995.62,1.4276115251268664
Togo,Centre,Mô,2017,Main,Harvest,Sorghum,16750.01,15242.5,0.9099994567167424
Togo,Centre,Mô,2017,Main,Harvest,Soybean (unspecified),86.52,50.68,0.5857605177993528
Togo,Centre,Mô,2017,Main,Harvest,Yams,16869.47,180334.6,10.6899979667411
Togo,Centre,Mô,2018,Annual,Harvest,Rice (Paddy),3527.541,6470.369,1.834243457411268
Togo,Centre,Mô,2018,Main,Harvest,Beans (mixed),3512.712,1938.645,0.5518940920861146
Togo,Centre,Mô,2018,Main,Harvest,Cassava,18901.56,96981.82,5.1308897255041375
Togo,Centre,Mô,2018,Main,Harvest,Groundnuts (In Shell),3600.582,2366.882,0.6573609488688218
Togo,Centre,Mô,2018,Main,Harvest,Maize (Corn),18986.26,29104.81,1.5329406634060634
Togo,Centre,Mô,2018,Main,Harvest,Sorghum,16370.55,13783.48,0.8419680462782252
Togo,Centre,Mô,2018,Main,Harvest,Soybean (unspecified),123.86,74.51,0.6015662845147748
Togo,Centre,Mô,2018,Main,Harvest,Yams,17052.78,170091.2,9.974397136419986
Togo,Centre,Mô,2019,Annual,Harvest,Rice (Paddy),3633.0,6365.0,1.7519955959262317
Togo,Centre,Mô,2019,Main,Harvest,Bambara groundnut,1024.0,877.0,0.8564453125
Togo,Centre,Mô,2019,Main,Harvest,Beans (mixed),3329.0,1917.0,0.5758486031841393
Togo,Centre,Mô,2019,Main,Harvest,Cassava,19198.0,97832.0,5.09594749453068
Togo,Centre,Mô,2019,Main,Harvest,Groundnuts (In Shell),3725.0,2527.0,0.6783892617449664
Togo,Centre,Mô,2019,Main,Harvest,Maize (Corn),18952.0,28894.0,1.5245884339383706
Togo,Centre,Mô,2019,Main,Harvest,Sorghum,16822.0,15543.0,0.9239686125312092
Togo,Centre,Mô,2019,Main,Harvest,Soybean (unspecified),156.0,94.0,0.6025641025641025
Togo,Centre,Mô,2019,Main,Harvest,Yams,18955.0,180813.0,9.53906620944342
Togo,Centre,Sotouboua,2016,Annual,Harvest,Rice (Paddy),6257.0,10459.47,1.6716429598849287
Togo,Centre,Sotouboua,2016,Main,Harvest,Beans (mixed),7228.0,3612.53,0.4997966242390703
Togo,Centre,Sotouboua,2016,Main,Harvest,Cassava,8378.0,34107.8,4.071114824540463
Togo,Centre,Sotouboua,2016,Main,Harvest,Groundnuts (In Shell),1118.0,353.26,0.3159749552772809
Togo,Centre,Sotouboua,2016,Main,Harvest,Maize (Corn),17708.0,27619.58,1.5597232889089678
Togo,Centre,Sotouboua,2016,Main,Harvest,Sorghum,22601.0,15196.15,0.6723662669793372
Togo,Centre,Sotouboua,2016,Main,Harvest,Soybean (unspecified),7696.0,4616.05,0.5997985966735967
Togo,Centre,Sotouboua,2016,Main,Harvest,Yams,7676.0,80164.69,10.443550026055238
Togo,Centre,Sotouboua,2017,Annual,Harvest,Rice (Paddy),6011.53,10880.86,1.8099984529728703
Togo,Centre,Sotouboua,2017,Main,Harvest,Beans (mixed),9931.0,4502.02,0.4533299768401974
Togo,Centre,Sotouboua,2017,Main,Harvest,Cassava,5484.11,22989.38,4.191998337013664
Togo,Centre,Sotouboua,2017,Main,Harvest,Groundnuts (In Shell),1113.0,890.4,0.7999999999999999
Togo,Centre,Sotouboua,2017,Main,Harvest,Maize (Corn),19074.29,28632.9,1.501125336775314
Togo,Centre,Sotouboua,2017,Main,Harvest,Sorghum,21191.67,17285.69,0.8156832378005131
Togo,Centre,Sotouboua,2017,Main,Harvest,Soybean (unspecified),8827.97,5511.48,0.624320200453785
Togo,Centre,Sotouboua,2017,Main,Harvest,Yams,5348.46,49876.55,9.325403948052337
Togo,Centre,Sotouboua,2018,Annual,Harvest,Rice (Paddy),6335.47,11665.32,1.8412714447389065
Togo,Centre,Sotouboua,2018,Main,Harvest,Beans (mixed),9603.75,4222.42,0.4396636730443837
Togo,Centre,Sotouboua,2018,Main,Harvest,Cassava,5681.62,29288.27,5.154915323446482
Togo,Centre,Sotouboua,2018,Main,Harvest,Groundnuts (In Shell),2085.94,1615.71,0.7745716559440827
Togo,Centre,Sotouboua,2018,Main,Harvest,Maize (Corn),20012.48,30818.84,1.539981051823662
Togo,Centre,Sotouboua,2018,Main,Harvest,Millet,21.47,15.95,0.7428970656730322
Togo,Centre,Sotouboua,2018,Main,Harvest,Sorghum,21743.01,16140.56,0.7423332832022798
Togo,Centre,Sotouboua,2018,Main,Harvest,Soybean (unspecified),9091.1,5766.67,0.6343203792720352
Togo,Centre,Sotouboua,2018,Main,Harvest,Yams,5496.25,51521.72,9.373976802365249
Togo,Centre,Sotouboua,2019,Annual,Harvest,Rice (Paddy),7013.0,12369.0,1.7637245116212747
Togo,Centre,Sotouboua,2019,Main,Harvest,Bambara groundnut,620.0,400.0,0.6451612903225806
Togo,Centre,Sotouboua,2019,Main,Harvest,Beans (mixed),9988.0,4314.0,0.4319183019623548
Togo,Centre,Sotouboua,2019,Main,Harvest,Cassava,5775.0,31109.0,5.386839826839827
Togo,Centre,Sotouboua,2019,Main,Harvest,Groundnuts (In Shell),2110.0,1664.0,0.7886255924170616
Togo,Centre,Sotouboua,2019,Main,Harvest,Maize (Corn),21207.0,32697.0,1.5418022351110483
Togo,Centre,Sotouboua,2019,Main,Harvest,Millet,25.0,19.0,0.76
Togo,Centre,Sotouboua,2019,Main,Harvest,Sorghum,21582.0,15502.0,0.7182837549810027
Togo,Centre,Sotouboua,2019,Main,Harvest,Soybean (unspecified),9354.0,5934.0,0.6343810134701732
Togo,Centre,Sotouboua,2019,Main,Harvest,Yams,5922.0,54999.0,9.287234042553193
Togo,Centre,Tchamba,2016,Annual,Harvest,Rice (Paddy),230.0,414.59,1.8025652173913045
Togo,Centre,Tchamba,2016,Main,Harvest,Beans (mixed),318.0,163.13,0.5129874213836478
Togo,Centre,Tchamba,2016,Main,Harvest,Cassava,650.0,3672.45,5.649923076923077
Togo,Centre,Tchamba,2016,Main,Harvest,Groundnuts (In Shell),203.0,67.4,0.3320197044334975
Togo,Centre,Tchamba,2016,Main,Harvest,Maize (Corn),29321.0,45797.19,1.5619245591896591
Togo,Centre,Tchamba,2016,Main,Harvest,Sorghum,7975.0,5845.39,0.732964263322884
Togo,Centre,Tchamba,2016,Main,Harvest,Soybean (unspecified),10574.0,6928.82,0.6552695290334783
Togo,Centre,Tchamba,2016,Main,Harvest,Yams,2036.0,20230.74,9.936512770137526
Togo,Centre,Tchamba,2017,Annual,Harvest,Rice (Paddy),565.43,1085.63,1.9200077816882728
Togo,Centre,Tchamba,2017,Main,Harvest,Beans (mixed),5479.49,1890.42,0.3449992608801185
Togo,Centre,Tchamba,2017,Main,Harvest,Cassava,2486.24,13011.3,5.233324216487548
Togo,Centre,Tchamba,2017,Main,Harvest,Groundnuts (In Shell),576.0,351.36,0.61
Togo,Centre,Tchamba,2017,Main,Harvest,Maize (Corn),20530.89,34580.15,1.6842986348862616
Togo,Centre,Tchamba,2017,Main,Harvest,Millet,1167.44,747.16,0.6399986294798876
Togo,Centre,Tchamba,2017,Main,Harvest,Sorghum,8846.22,6397.42,0.7231812005579785
Togo,Centre,Tchamba,2017,Main,Harvest,Soybean (unspecified),11305.52,7950.5,0.7032405409039124
Togo,Centre,Tchamba,2017,Main,Harvest,Yams,3704.33,39645.03,10.702348332896907
Togo,Centre,Tchamba,2018,Annual,Harvest,Rice (Paddy),601.34,1197.22,1.9909202780456976
Togo,Centre,Tchamba,2018,Main,Harvest,Beans (mixed),5658.37,2561.6,0.4527098793468791
Togo,Centre,Tchamba,2018,Main,Harvest,Cassava,1972.13,10797.35,5.474968688676711
Togo,Centre,Tchamba,2018,Main,Harvest,Groundnuts (In Shell),614.08,394.51,0.6424407243355914
Togo,Centre,Tchamba,2018,Main,Harvest,Maize (Corn),20939.61,33360.51,1.5931772368253276
Togo,Centre,Tchamba,2018,Main,Harvest,Millet,1096.34,718.81,0.6556451465786162
Togo,Centre,Tchamba,2018,Main,Harvest,Sorghum,9005.34,6805.29,0.7556949543270992
Togo,Centre,Tchamba,2018,Main,Harvest,Soybean (unspecified),12113.13,8167.16,0.6742402665537314
Togo,Centre,Tchamba,2018,Main,Harvest,Yams,3675.11,38752.78,10.544658527227757
Togo,Centre,Tchamba,2019,Annual,Harvest,Rice (Paddy),607.0,1158.0,1.9077429983525536
Togo,Centre,Tchamba,2019,Main,Harvest,Bambara groundnut,230.0,146.0,0.6347826086956522
Togo,Centre,Tchamba,2019,Main,Harvest,Beans (mixed),6017.0,2625.0,0.43626391889646
Togo,Centre,Tchamba,2019,Main,Harvest,Cassava,2019.0,11330.0,5.611688954928183
Togo,Centre,Tchamba,2019,Main,Harvest,Groundnuts (In Shell),605.0,390.0,0.6446280991735537
Togo,Centre,Tchamba,2019,Main,Harvest,Maize (Corn),20975.0,33668.0,1.6051489868891538
Togo,Centre,Tchamba,2019,Main,Harvest,Millet,1041.0,721.0,0.6926032660902978
Togo,Centre,Tchamba,2019,Main,Harvest,Sorghum,8992.0,6447.0,0.716970640569395
Togo,Centre,Tchamba,2019,Main,Harvest,Soybean (unspecified),12606.0,8499.0,0.6742027605901951
Togo,Centre,Tchamba,2019,Main,Harvest,Yams,3550.0,36321.0,10.231267605633803
Togo,Centre,Tchaudjo,2016,Annual,Harvest,Rice (Paddy),123.0,210.14,1.7084552845528451
Togo,Centre,Tchaudjo,2016,Main,Harvest,Beans (mixed),2050.0,1021.12,0.4981073170731707
Togo,Centre,Tchaudjo,2016,Main,Harvest,Cassava,12118.0,58687.89,4.843034329097211
Togo,Centre,Tchaudjo,2016,Main,Harvest,Groundnuts (In Shell),294.0,122.6,0.4170068027210884
Togo,Centre,Tchaudjo,2016,Main,Harvest,Maize (Corn),17873.0,24569.59,1.37467632742125
Togo,Centre,Tchaudjo,2016,Main,Harvest,Sorghum,10715.0,8123.68,0.7581595893607093
Togo,Centre,Tchaudjo,2016,Main,Harvest,Soybean (unspecified),641.0,480.26,0.7492355694227769
Togo,Centre,Tchaudjo,2016,Main,Harvest,Yams,7499.0,75081.05,10.012141618882518
Togo,Centre,Tchaudjo,2017,Main,Harvest,Beans (mixed),2573.0,1129.55,0.4390011659541391
Togo,Centre,Tchaudjo,2017,Main,Harvest,Cassava,10957.0,49389.77,4.507599707949256
Togo,Centre,Tchaudjo,2017,Main,Harvest,Groundnuts (In Shell),450.67,225.33,0.4999889054075044
Togo,Centre,Tchaudjo,2017,Main,Harvest,Maize (Corn),11797.43,18060.48,1.5308825735774656
Togo,Centre,Tchaudjo,2017,Main,Harvest,Millet,59.9,46.36,0.7739565943238731
Togo,Centre,Tchaudjo,2017,Main,Harvest,Sorghum,6138.19,4775.12,0.7779361668504885
Togo,Centre,Tchaudjo,2017,Main,Harvest,Soybean (unspecified),1066.77,644.75,0.604394574275617
Togo,Centre,Tchaudjo,2017,Main,Harvest,Yams,7709.82,63593.6,8.248389715972618
Togo,Centre,Tchaudjo,2018,Annual,Harvest,Rice (Paddy),55.64,109.8,1.9734004313443565
Togo,Centre,Tchaudjo,2018,Main,Harvest,Beans (mixed),2306.19,1296.57,0.5622130006634318
Togo,Centre,Tchaudjo,2018,Main,Harvest,Cassava,10549.06,52249.82,4.953030886164265
Togo,Centre,Tchaudjo,2018,Main,Harvest,Groundnuts (In Shell),501.43,312.89,0.6239953732325548
Togo,Centre,Tchaudjo,2018,Main,Harvest,Maize (Corn),12371.94,18784.37,1.5183043241399488
Togo,Centre,Tchaudjo,2018,Main,Harvest,Millet,56.67,35.76,0.6310217046056114
Togo,Centre,Tchaudjo,2018,Main,Harvest,Sorghum,6792.89,4944.03,0.727824239756569
Togo,Centre,Tchaudjo,2018,Main,Harvest,Soybean (unspecified),1166.26,753.91,0.6464338998165075
Togo,Centre,Tchaudjo,2018,Main,Harvest,Yams,7889.52,79818.33,10.117007118303777
Togo,Centre,Tchaudjo,2019,Annual,Harvest,Rice (Paddy),71.0,136.0,1.9154929577464788
Togo,Centre,Tchaudjo,2019,Main,Harvest,Beans (mixed),2424.0,911.0,0.3758250825082508
Togo,Centre,Tchaudjo,2019,Main,Harvest,Cassava,10437.0,54127.0,5.186068793714669
Togo,Centre,Tchaudjo,2019,Main,Harvest,Groundnuts (In Shell),607.0,392.0,0.6457990115321252
Togo,Centre,Tchaudjo,2019,Main,Harvest,Millet,55.0,38.0,0.6909090909090909
Togo,Centre,Tchaudjo,2019,Main,Harvest,Sorghum,7009.0,5193.0,0.740904551291197
Togo,Centre,Tchaudjo,2019,Main,Harvest,Soybean (unspecified),1403.0,907.0,0.6464718460441911
Togo,Centre,Tchaudjo,2019,Main,Harvest,Yams,7497.0,72721.0,9.700013338668802
Togo,Kara,Assoli,2016,Annual,Harvest,Rice (Paddy),8.0,,
Togo,Kara,Assoli,2016,Main,Harvest,Beans (mixed),6446.0,1029.0,0.1596338814768849
Togo,Kara,Assoli,2016,Main,Harvest,Cassava,8432.0,42700.0,5.064041745730552
Togo,Kara,Assoli,2016,Main,Harvest,Cotton (Unspecified),51.0,,
Togo,Kara,Assoli,2016,Main,Harvest,Groundnuts (In Shell),106.0,65.0,0.6132075471698113
Togo,Kara,Assoli,2016,Main,Harvest,Maize (Corn),3506.0,2736.0,0.780376497432972
Togo,Kara,Assoli,2016,Main,Harvest,Millet,27.0,15.0,0.5555555555555556
Togo,Kara,Assoli,2016,Main,Harvest,Sorghum,106.0,72.0,0.6792452830188679
Togo,Kara,Assoli,2016,Main,Harvest,Sweet Potatoes,30.0,,
Togo,Kara,Assoli,2016,Main,Harvest,Yams,3232.0,27769.0,8.591893564356436
Togo,Kara,Assoli,2017,Annual,Harvest,Rice (Paddy),9.0,,
Togo,Kara,Assoli,2017,Main,Harvest,Beans (mixed),6399.0,1726.0,0.2697296452570714
Togo,Kara,Assoli,2017,Main,Harvest,Cassava,9428.0,67802.0,7.191557064064488
Togo,Kara,Assoli,2017,Main,Harvest,Cotton (Unspecified),52.0,,
Togo,Kara,Assoli,2017,Main,Harvest,Maize (Corn),4883.0,3681.0,0.7538398525496621
Togo,Kara,Assoli,2017,Main,Harvest,Millet,2.0,,
Togo,Kara,Assoli,2017,Main,Harvest,Sorghum,1.0,,
Togo,Kara,Assoli,2017,Main,Harvest,Sweet Potatoes,31.0,,
Togo,Kara,Assoli,2017,Main,Harvest,Yams,2156.0,1248.0,0.5788497217068646
Togo,Kara,Assoli,2018,Annual,Harvest,Rice (Paddy),10.0,,
Togo,Kara,Assoli,2018,Main,Harvest,Beans (mixed),6977.0,1737.0,0.2489608714347141
Togo,Kara,Assoli,2018,Main,Harvest,Cassava,10117.0,62948.0,6.222002569931799
Togo,Kara,Assoli,2018,Main,Harvest,Cotton (Unspecified),141.0,88.906,0.6305390070921987
Togo,Kara,Assoli,2018,Main,Harvest,Groundnuts (In Shell),118.0,65.0,0.5508474576271186
Togo,Kara,Assoli,2018,Main,Harvest,Maize (Corn),4869.0,4110.0,0.8441158348736907
Togo,Kara,Assoli,2018,Main,Harvest,Millet,14.0,7.0,0.5
Togo,Kara,Assoli,2018,Main,Harvest,Sorghum,122.0,87.0,0.7131147540983607
Togo,Kara,Assoli,2018,Main,Harvest,Sweet Potatoes,9428.0,5657.0,0.6000212134068731
Togo,Kara,Assoli,2018,Main,Harvest,Yams,2397.0,20826.0,8.688360450563204
Togo,Kara,Assoli,2019,Annual,Harvest,Rice (Paddy),92.0,106.0,1.1521739130434785
Togo,Kara,Assoli,2019,Main,Harvest,Beans (mixed),7040.0,1932.0,0.2744318181818182
Togo,Kara,Assoli,2019,Main,Harvest,Cassava,10403.0,65611.0,6.306930693069307
Togo,Kara,Assoli,2019,Main,Harvest,Cotton (Unspecified),135.0,45.92,0.3401481481481481
Togo,Kara,Assoli,2019,Main,Harvest,Groundnuts (In Shell),248.0,148.0,0.5967741935483871
Togo,Kara,Assoli,2019,Main,Harvest,Maize (Corn),5103.0,4156.0,0.8144228884969625
Togo,Kara,Assoli,2019,Main,Harvest,Millet,20.0,11.0,0.55
Togo,Kara,Assoli,2019,Main,Harvest,Sorghum,208.0,147.0,0.7067307692307693
Togo,Kara,Assoli,2019,Main,Harvest,Sweet Potatoes,10117.0,62948.0,6.222002569931799
Togo,Kara,Assoli,2019,Main,Harvest,Yams,2501.0,20128.0,8.047980807676929
Togo,Kara,Bassar,2016,Annual,Harvest,Rice (Paddy),12.0,,
Togo,Kara,Bassar,2016,Main,Harvest,Beans (mixed),12652.0,3690.0,0.2916534935188113
Togo,Kara,Bassar,2016,Main,Harvest,Cassava,4790.0,19252.0,4.019206680584551
Togo,Kara,Bassar,2016,Main,Harvest,Cotton (Unspecified),54.0,,
Togo,Kara,Bassar,2016,Main,Harvest,Groundnuts (In Shell),6765.0,3598.0,0.5318551367331855
Togo,Kara,Bassar,2016,Main,Harvest,Maize (Corn),20898.0,18443.0,0.8825246435065557
Togo,Kara,Bassar,2016,Main,Harvest,Millet,7942.0,4326.0,0.5446990682447747
Togo,Kara,Bassar,2016,Main,Harvest,Sorghum,17232.0,11945.0,0.6931870937790158
Togo,Kara,Bassar,2016,Main,Harvest,Sweet Potatoes,33.0,,
Togo,Kara,Bassar,2016,Main,Harvest,Yams,8885.0,78684.0,8.855824423185144
Togo,Kara,Bassar,2017,Annual,Harvest,Rice (Paddy),13.0,,
Togo,Kara,Bassar,2017,Main,Harvest,Beans (mixed),11200.0,3283.0,0.293125
Togo,Kara,Bassar,2017,Main,Harvest,Cassava,4462.0,17312.0,3.87987449574182
Togo,Kara,Bassar,2017,Main,Harvest,Cotton (Unspecified),55.0,,
Togo,Kara,Bassar,2017,Main,Harvest,Groundnuts (In Shell),7490.0,4195.0,0.5600801068090788
Togo,Kara,Bassar,2017,Main,Harvest,Maize (Corn),13815.0,11881.0,0.8600072385088672
Togo,Kara,Bassar,2017,Main,Harvest,Millet,5522.0,3762.0,0.6812749003984063
Togo,Kara,Bassar,2017,Main,Harvest,Sorghum,17031.0,12945.0,0.7600845516998415
Togo,Kara,Bassar,2017,Main,Harvest,Sweet Potatoes,34.0,,
Togo,Kara,Bassar,2017,Main,Harvest,Yams,9126.0,114992.0,12.600482138943676
Togo,Kara,Bassar,2018,Annual,Harvest,Rice (Paddy),1200.0,1562.0,1.3016666666666667
Togo,Kara,Bassar,2018,Main,Harvest,Beans (mixed),11778.0,3302.0,0.2803532008830022
Togo,Kara,Bassar,2018,Main,Harvest,Cassava,4437.0,15828.0,3.5672751859364435
Togo,Kara,Bassar,2018,Main,Harvest,Cotton (Unspecified),1202.0,983.324,0.8180732113144759
Togo,Kara,Bassar,2018,Main,Harvest,Groundnuts (In Shell),7184.0,3928.0,0.5467706013363028
Togo,Kara,Bassar,2018,Main,Harvest,Maize (Corn),13805.0,12121.0,0.8780152118797537
Togo,Kara,Bassar,2018,Main,Harvest,Millet,4865.0,2957.0,0.6078108941418294
Togo,Kara,Bassar,2018,Main,Harvest,Sorghum,16802.0,12931.0,0.7696107606237352
Togo,Kara,Bassar,2018,Main,Harvest,Sweet Potatoes,4462.0,17312.0,3.87987449574182
Togo,Kara,Bassar,2018,Main,Harvest,Yams,10198.0,109345.0,10.722200431457148
Togo,Kara,Bassar,2019,Annual,Harvest,Rice (Paddy),1133.0,1525.0,1.3459841129744043
Togo,Kara,Bassar,2019,Main,Harvest,Beans (mixed),11859.0,3134.0,0.264271861033814
Togo,Kara,Bassar,2019,Main,Harvest,Cassava,4575.0,17044.0,3.725464480874317
Togo,Kara,Bassar,2019,Main,Harvest,Cotton (Unspecified),1292.0,989.755,0.7660642414860681
Togo,Kara,Bassar,2019,Main,Harvest,Groundnuts (In Shell),7163.0,4085.0,0.5702917771883289
Togo,Kara,Bassar,2019,Main,Harvest,Maize (Corn),13987.0,12364.0,0.8839636805605204
Togo,Kara,Bassar,2019,Main,Harvest,Millet,2579.0,193.0,0.074835207444746
Togo,Kara,Bassar,2019,Main,Harvest,Sorghum,16918.0,12643.0,0.7473105568034046
Togo,Kara,Bassar,2019,Main,Harvest,Sweet Potatoes,4437.0,15828.0,3.5672751859364435
Togo,Kara,Bassar,2019,Main,Harvest,Yams,11012.0,115339.0,10.473937522702506
Togo,Kara,Bimah,2016,Annual,Harvest,Rice (Paddy),15.0,,
Togo,Kara,Bimah,2016,Main,Harvest,Beans (mixed),8144.0,2128.0,0.2612966601178782
Togo,Kara,Bimah,2016,Main,Harvest,Cassava,2217.0,10710.0,4.830852503382951
Togo,Kara,Bimah,2016,Main,Harvest,Cotton (Unspecified),57.0,,
Togo,Kara,Bimah,2016,Main,Harvest,Groundnuts (In Shell),2182.0,1208.0,0.5536205316223648
Togo,Kara,Bimah,2016,Main,Harvest,Maize (Corn),7168.0,9073.0,1.2657645089285714
Togo,Kara,Bimah,2016,Main,Harvest,Millet,719.0,1020.0,1.4186369958275382
Togo,Kara,Bimah,2016,Main,Harvest,Sorghum,7615.0,5114.0,0.6715692711753118
Togo,Kara,Bimah,2016,Main,Harvest,Sweet Potatoes,36.0,,
Togo,Kara,Bimah,2016,Main,Harvest,Yams,1901.0,19111.0,10.05312993161494
Togo,Kara,Bimah,2017,Annual,Harvest,Rice (Paddy),16.0,,
Togo,Kara,Bimah,2017,Main,Harvest,Beans (mixed),8831.0,2323.0,0.2630506171441513
Togo,Kara,Bimah,2017,Main,Harvest,Cassava,287.0,803.0,2.7979094076655047
Togo,Kara,Bimah,2017,Main,Harvest,Cotton (Unspecified),58.0,,
Togo,Kara,Bimah,2017,Main,Harvest,Groundnuts (In Shell),1443.0,836.0,0.5793485793485793
Togo,Kara,Bimah,2017,Main,Harvest,Maize (Corn),8818.0,5131.0,0.5818779768655024
Togo,Kara,Bimah,2017,Main,Harvest,Millet,549.0,165.0,0.3005464480874317
Togo,Kara,Bimah,2017,Main,Harvest,Sorghum,7646.0,3812.0,0.4985613392623594
Togo,Kara,Bimah,2017,Main,Harvest,Sweet Potatoes,37.0,,
Togo,Kara,Bimah,2017,Main,Harvest,Yams,2523.0,11253.0,4.460166468489893
Togo,Kara,Bimah,2018,Annual,Harvest,Rice (Paddy),3011.0,4366.0,1.450016605778811
Togo,Kara,Bimah,2018,Main,Harvest,Beans (mixed),8999.0,2755.0,0.3061451272363596
Togo,Kara,Bimah,2018,Main,Harvest,Cassava,316.0,1263.0,3.996835443037975
Togo,Kara,Bimah,2018,Main,Harvest,Cotton (Unspecified),646.0,399.793,0.618874613003096
Togo,Kara,Bimah,2018,Main,Harvest,Groundnuts (In Shell),1713.0,925.0,0.5399883245767659
Togo,Kara,Bimah,2018,Main,Harvest,Maize (Corn),8916.0,5238.0,0.5874831763122477
Togo,Kara,Bimah,2018,Main,Harvest,Millet,513.0,246.0,0.47953216374269
Togo,Kara,Bimah,2018,Main,Harvest,Sorghum,7772.0,4487.0,0.5773288728769943
Togo,Kara,Bimah,2018,Main,Harvest,Sweet Potatoes,287.0,803.0,2.7979094076655047
Togo,Kara,Bimah,2018,Main,Harvest,Yams,2032.0,14588.0,7.179133858267717
Togo,Kara,Bimah,2019,Annual,Harvest,Rice (Paddy),3070.0,4661.0,1.5182410423452768
Togo,Kara,Bimah,2019,Main,Harvest,Beans (mixed),9307.0,3049.0,0.3276028795530246
Togo,Kara,Bimah,2019,Main,Harvest,Cassava,355.0,1229.0,3.461971830985916
Togo,Kara,Bimah,2019,Main,Harvest,Cotton (Unspecified),674.0,282.127,0.4185860534124629
Togo,Kara,Bimah,2019,Main,Harvest,Groundnuts (In Shell),1782.0,780.0,0.4377104377104377
Togo,Kara,Bimah,2019,Main,Harvest,Maize (Corn),8818.0,7063.0,0.8009752778407803
Togo,Kara,Bimah,2019,Main,Harvest,Millet,620.0,318.0,0.5129032258064516
Togo,Kara,Bimah,2019,Main,Harvest,Sorghum,6986.0,4082.0,0.5843114801030632
Togo,Kara,Bimah,2019,Main,Harvest,Sweet Potatoes,316.0,1263.0,3.996835443037975
Togo,Kara,Bimah,2019,Main,Harvest,Yams,2128.0,15757.0,7.404605263157895
Togo,Kara,Dankpen,2016,Annual,Harvest,Rice (Paddy),18.0,,
Togo,Kara,Dankpen,2016,Main,Harvest,Beans (mixed),5276.0,1520.0,0.2880970432145565
Togo,Kara,Dankpen,2016,Main,Harvest,Cassava,3923.0,19619.0,5.00101962783584
Togo,Kara,Dankpen,2016,Main,Harvest,Cotton (Unspecified),60.0,,
Togo,Kara,Dankpen,2016,Main,Harvest,Groundnuts (In Shell),6572.0,4348.0,0.6615946439440049
Togo,Kara,Dankpen,2016,Main,Harvest,Maize (Corn),13062.0,13941.0,1.0672944418925123
Togo,Kara,Dankpen,2016,Main,Harvest,Millet,983.0,535.0,0.5442522889114955
Togo,Kara,Dankpen,2016,Main,Harvest,Sorghum,7442.0,6709.0,0.9015049717817792
Togo,Kara,Dankpen,2016,Main,Harvest,Sweet Potatoes,39.0,,
Togo,Kara,Dankpen,2016,Main,Harvest,Yams,6753.0,80222.0,11.87946098030505
Togo,Kara,Dankpen,2017,Annual,Harvest,Rice (Paddy),19.0,,
Togo,Kara,Dankpen,2017,Main,Harvest,Beans (mixed),6197.0,1569.0,0.2531870259803131
Togo,Kara,Dankpen,2017,Main,Harvest,Cassava,5169.0,18899.0,3.656219771715999
Togo,Kara,Dankpen,2017,Main,Harvest,Cotton (Unspecified),61.0,,
Togo,Kara,Dankpen,2017,Main,Harvest,Groundnuts (In Shell),7490.0,4419.0,0.5899866488651535
Togo,Kara,Dankpen,2017,Main,Harvest,Maize (Corn),14878.0,14595.0,0.98097862615943
Togo,Kara,Dankpen,2017,Main,Harvest,Millet,1590.0,889.0,0.5591194968553459
Togo,Kara,Dankpen,2017,Main,Harvest,Sorghum,18436.0,14564.0,0.7899761336515513
Togo,Kara,Dankpen,2017,Main,Harvest,Sweet Potatoes,40.0,,
Togo,Kara,Dankpen,2017,Main,Harvest,Yams,4501.0,56602.0,12.57542768273717
Togo,Kara,Dankpen,2018,Annual,Harvest,Rice (Paddy),2569.0,3597.0,1.4001557026080187
Togo,Kara,Dankpen,2018,Main,Harvest,Beans (mixed),6987.0,1601.0,0.2291398311149277
Togo,Kara,Dankpen,2018,Main,Harvest,Cassava,5222.0,21630.0,4.142091152815015
Togo,Kara,Dankpen,2018,Main,Harvest,Cotton (Unspecified),18308.0,15722.683,0.8587875792003496
Togo,Kara,Dankpen,2018,Main,Harvest,Groundnuts (In Shell),8004.0,5037.0,0.6293103448275862
Togo,Kara,Dankpen,2018,Main,Harvest,Maize (Corn),15425.0,13478.0,0.873776337115073
Togo,Kara,Dankpen,2018,Main,Harvest,Millet,2131.0,1475.0,0.6921633036133271
Togo,Kara,Dankpen,2018,Main,Harvest,Sorghum,18869.0,14511.0,0.7690391647676083
Togo,Kara,Dankpen,2018,Main,Harvest,Sweet Potatoes,5165.0,19899.0,3.852662149080349
Togo,Kara,Dankpen,2018,Main,Harvest,Yams,4476.0,52414.0,11.71000893655049
Togo,Kara,Dankpen,2019,Annual,Harvest,Rice (Paddy),2300.0,3278.0,1.4252173913043478
Togo,Kara,Dankpen,2019,Main,Harvest,Beans (mixed),6998.0,1648.0,0.2354958559588454
Togo,Kara,Dankpen,2019,Main,Harvest,Cassava,5358.0,22722.0,4.240761478163495
Togo,Kara,Dankpen,2019,Main,Harvest,Cotton (Unspecified),21270.0,14340.397,0.6742076633756465
Togo,Kara,Dankpen,2019,Main,Harvest,Groundnuts (In Shell),8173.0,5006.0,0.6125045882784779
Togo,Kara,Dankpen,2019,Main,Harvest,Maize (Corn),16003.0,12988.0,0.8115978254077361
Togo,Kara,Dankpen,2019,Main,Harvest,Millet,2084.0,1597.0,0.7663147792706334
Togo,Kara,Dankpen,2019,Main,Harvest,Sorghum,18852.0,14911.0,0.7909505622745597
Togo,Kara,Dankpen,2019,Main,Harvest,Sweet Potatoes,5222.0,2163.0,0.4142091152815013
Togo,Kara,Dankpen,2019,Main,Harvest,Yams,4751.0,53763.0,11.316143969690591
Togo,Kara,Doufelgou,2016,Annual,Harvest,Rice (Paddy),21.0,,
Togo,Kara,Doufelgou,2016,Main,Harvest,Beans (mixed),5375.0,1441.0,0.268093023255814
Togo,Kara,Doufelgou,2016,Main,Harvest,Cassava,923.0,4172.0,4.520043336944744
Togo,Kara,Doufelgou,2016,Main,Harvest,Cotton (Unspecified),63.0,,
Togo,Kara,Doufelgou,2016,Main,Harvest,Groundnuts (In Shell),1803.0,896.0,0.4969495285635053
Togo,Kara,Doufelgou,2016,Main,Harvest,Maize (Corn),2156.0,1777.0,0.8242115027829313
Togo,Kara,Doufelgou,2016,Main,Harvest,Millet,3.0,,
Togo,Kara,Doufelgou,2016,Main,Harvest,Sorghum,35892.0,19801.0,0.5516828262565474
Togo,Kara,Doufelgou,2016,Main,Harvest,Sweet Potatoes,42.0,,
Togo,Kara,Doufelgou,2016,Main,Harvest,Yams,94.0,576.0,6.127659574468085
Togo,Kara,Doufelgou,2017,Annual,Harvest,Rice (Paddy),22.0,,
Togo,Kara,Doufelgou,2017,Main,Harvest,Beans (mixed),5699.0,1363.0,0.2391647657483769
Togo,Kara,Doufelgou,2017,Main,Harvest,Cassava,111.0,354.0,3.1891891891891886
Togo,Kara,Doufelgou,2017,Main,Harvest,Cotton (Unspecified),64.0,,
Togo,Kara,Doufelgou,2017,Main,Harvest,Groundnuts (In Shell),1221.0,671.0,0.5495495495495496
Togo,Kara,Doufelgou,2017,Main,Harvest,Maize (Corn),6041.0,4844.0,0.8018539976825029
Togo,Kara,Doufelgou,2017,Main,Harvest,Millet,8.0,7.0,0.875
Togo,Kara,Doufelgou,2017,Main,Harvest,Sorghum,12993.0,6497.0,0.5000384822596783
Togo,Kara,Doufelgou,2017,Main,Harvest,Sweet Potatoes,43.0,,
Togo,Kara,Doufelgou,2017,Main,Harvest,Yams,1327.0,11041.0,8.320271288620951
Togo,Kara,Doufelgou,2018,Annual,Harvest,Rice (Paddy),1638.0,1966.0,1.2002442002442002
Togo,Kara,Doufelgou,2018,Main,Harvest,Beans (mixed),5082.0,1342.0,0.2640692640692641
Togo,Kara,Doufelgou,2018,Main,Harvest,Cassava,149.0,544.0,3.651006711409396
Togo,Kara,Doufelgou,2018,Main,Harvest,Cotton (Unspecified),2798.0,2027.831,0.7247430307362401
Togo,Kara,Doufelgou,2018,Main,Harvest,Groundnuts (In Shell),776.0,395.0,0.509020618556701
Togo,Kara,Doufelgou,2018,Main,Harvest,Maize (Corn),7047.0,6012.0,0.8531289910600255
Togo,Kara,Doufelgou,2018,Main,Harvest,Millet,30.0,15.0,0.5
Togo,Kara,Doufelgou,2018,Main,Harvest,Sorghum,112126.0,6803.0,0.0606728145122452
Togo,Kara,Doufelgou,2018,Main,Harvest,Sweet Potatoes,111.0,354.0,3.1891891891891886
Togo,Kara,Doufelgou,2018,Main,Harvest,Yams,1481.0,11193.0,7.557731262660365
Togo,Kara,Doufelgou,2019,Annual,Harvest,Rice (Paddy),1930.0,2197.0,1.1383419689119172
Togo,Kara,Doufelgou,2019,Main,Harvest,Beans (mixed),5105.0,1284.0,0.2515181194906954
Togo,Kara,Doufelgou,2019,Main,Harvest,Cassava,188.0,712.0,3.787234042553192
Togo,Kara,Doufelgou,2019,Main,Harvest,Cotton (Unspecified),3094.0,1443.908,0.4666800258564964
Togo,Kara,Doufelgou,2019,Main,Harvest,Groundnuts (In Shell),778.0,409.0,0.525706940874036
Togo,Kara,Doufelgou,2019,Main,Harvest,Maize (Corn),7825.0,7986.0,1.0205750798722044
Togo,Kara,Doufelgou,2019,Main,Harvest,Millet,38.0,20.0,0.5263157894736842
Togo,Kara,Doufelgou,2019,Main,Harvest,Sorghum,12109.0,7152.0,0.590635064827814
Togo,Kara,Doufelgou,2019,Main,Harvest,Sweet Potatoes,149.0,544.0,3.651006711409396
Togo,Kara,Doufelgou,2019,Main,Harvest,Yams,1446.0,9955.0,6.884508990318119
Togo,Kara,Kozah,2016,Annual,Harvest,Rice (Paddy),5.0,,
Togo,Kara,Kozah,2016,Main,Harvest,Beans (mixed),7776.0,1752.0,0.2253086419753086
Togo,Kara,Kozah,2016,Main,Harvest,Cassava,7564.0,23338.0,3.085404547858276
Togo,Kara,Kozah,2016,Main,Harvest,Cotton (Unspecified),48.0,,
Togo,Kara,Kozah,2016,Main,Harvest,Groundnuts (In Shell),2534.0,1395.0,0.5505130228887135
Togo,Kara,Kozah,2016,Main,Harvest,Maize (Corn),13952.0,10278.0,0.7366685779816514
Togo,Kara,Kozah,2016,Main,Harvest,Millet,520.0,386.0,0.7423076923076923
Togo,Kara,Kozah,2016,Main,Harvest,Sorghum,10.0,6.368,0.6368
Togo,Kara,Kozah,2016,Main,Harvest,Sweet Potatoes,27.0,,
Togo,Kara,Kozah,2016,Main,Harvest,Yams,1326.0,12737.0,9.605580693815988
Togo,Kara,Kozah,2017,Annual,Harvest,Rice (Paddy),6.0,,
Togo,Kara,Kozah,2017,Main,Harvest,Beans (mixed),8653.0,2177.0,0.2515890442621057
Togo,Kara,Kozah,2017,Main,Harvest,Cassava,6887.0,23416.0,3.400029040220706
Togo,Kara,Kozah,2017,Main,Harvest,Cotton (Unspecified),49.0,,
Togo,Kara,Kozah,2017,Main,Harvest,Groundnuts (In Shell),1973.0,1184.0,0.6001013684744044
Togo,Kara,Kozah,2017,Main,Harvest,Maize (Corn),15087.0,13141.0,0.8710147809372307
Togo,Kara,Kozah,2017,Main,Harvest,Millet,546.0,371.0,0.6794871794871795
Togo,Kara,Kozah,2017,Main,Harvest,Sorghum,23151.0,17363.0,0.7499892013303961
Togo,Kara,Kozah,2017,Main,Harvest,Sweet Potatoes,28.0,,
Togo,Kara,Kozah,2017,Main,Harvest,Yams,1198.0,8319.0,6.944073455759599
Togo,Kara,Kozah,2018,Annual,Harvest,Rice (Paddy),1658.0,2328.0,1.4041013268998794
Togo,Kara,Kozah,2018,Main,Harvest,Beans (mixed),8940.0,2237.0,0.2502237136465325
Togo,Kara,Kozah,2018,Main,Harvest,Cassava,6539.0,23192.0,3.5467196819085487
Togo,Kara,Kozah,2018,Main,Harvest,Cotton (Unspecified),197.0,116.065,0.5891624365482233
Togo,Kara,Kozah,2018,Main,Harvest,Groundnuts (In Shell),2067.0,1161.0,0.5616835994194485
Togo,Kara,Kozah,2018,Main,Harvest,Maize (Corn),15481.0,12330.0,0.7964601769911505
Togo,Kara,Kozah,2018,Main,Harvest,Millet,512.0,331.0,0.646484375
Togo,Kara,Kozah,2018,Main,Harvest,Sorghum,23592.0,14505.0,0.6148270600203459
Togo,Kara,Kozah,2018,Main,Harvest,Sweet Potatoes,6887.0,23416.0,3.400029040220706
Togo,Kara,Kozah,2018,Main,Harvest,Yams,1163.0,8904.0,7.656061908856405
Togo,Kara,Kozah,2019,Annual,Harvest,Rice (Paddy),1906.0,2741.0,1.438090241343127
Togo,Kara,Kozah,2019,Main,Harvest,Beans (mixed),9025.0,2401.0,0.2660387811634349
Togo,Kara,Kozah,2019,Main,Harvest,Cassava,7405.0,25483.0,3.4413234301147875
Togo,Kara,Kozah,2019,Main,Harvest,Cotton (Unspecified),193.0,48.098,0.2492124352331606
Togo,Kara,Kozah,2019,Main,Harvest,Groundnuts (In Shell),2061.0,1181.0,0.5730228044638525
Togo,Kara,Kozah,2019,Main,Harvest,Maize (Corn),16013.0,12731.0,0.7950415287578843
Togo,Kara,Kozah,2019,Main,Harvest,Millet,580.0,377.0,0.65
Togo,Kara,Kozah,2019,Main,Harvest,Sorghum,24192.0,15793.0,0.6528191137566137
Togo,Kara,Kozah,2019,Main,Harvest,Sweet Potatoes,6539.0,23192.0,3.5467196819085487
Togo,Kara,Kozah,2019,Main,Harvest,Yams,1120.0,8754.0,7.816071428571429
Togo,Kara,Kéran,2016,Annual,Harvest,Rice (Paddy),24.0,,
Togo,Kara,Kéran,2016,Main,Harvest,Beans (mixed),9912.0,2261.0,0.2281073446327684
Togo,Kara,Kéran,2016,Main,Harvest,Cassava,2694.0,11099.0,4.119896065330364
Togo,Kara,Kéran,2016,Main,Harvest,Cotton (Unspecified),66.0,,
Togo,Kara,Kéran,2016,Main,Harvest,Groundnuts (In Shell),601.0,359.0,0.5973377703826955
Togo,Kara,Kéran,2016,Main,Harvest,Maize (Corn),9545.0,7736.0,0.8104766893661602
Togo,Kara,Kéran,2016,Main,Harvest,Millet,570.0,392.0,0.6877192982456141
Togo,Kara,Kéran,2016,Main,Harvest,Sorghum,12653.0,10014.0,0.7914328617719117
Togo,Kara,Kéran,2016,Main,Harvest,Sweet Potatoes,45.0,,
Togo,Kara,Kéran,2016,Main,Harvest,Yams,478.0,3217.0,6.7301255230125525
Togo,Kara,Kéran,2017,Annual,Harvest,Rice (Paddy),25.0,,
Togo,Kara,Kéran,2017,Main,Harvest,Beans (mixed),9220.0,1752.0,0.1900216919739696
Togo,Kara,Kéran,2017,Main,Harvest,Cassava,2839.0,11423.0,4.023599859105318
Togo,Kara,Kéran,2017,Main,Harvest,Cotton (Unspecified),67.0,,
Togo,Kara,Kéran,2017,Main,Harvest,Groundnuts (In Shell),1622.0,989.0,0.6097410604192355
Togo,Kara,Kéran,2017,Main,Harvest,Maize (Corn),8366.0,6600.0,0.7889074826679416
Togo,Kara,Kéran,2017,Main,Harvest,Millet,1059.0,536.0,0.506137865911237
Togo,Kara,Kéran,2017,Main,Harvest,Sorghum,11868.0,7121.0,0.6000168520390967
Togo,Kara,Kéran,2017,Main,Harvest,Sweet Potatoes,46.0,,
Togo,Kara,Kéran,2017,Main,Harvest,Yams,833.0,5272.0,6.328931572629052
Togo,Kara,Kéran,2018,Annual,Harvest,Rice (Paddy),1371.0,1700.0,1.2399708242159009
Togo,Kara,Kéran,2018,Main,Harvest,Beans (mixed),7989.0,1715.0,0.214670171485793
Togo,Kara,Kéran,2018,Main,Harvest,Cassava,2553.0,9729.0,3.8108108108108114
Togo,Kara,Kéran,2018,Main,Harvest,Cotton (Unspecified),13462.0,13314.663,0.9890553409597386
Togo,Kara,Kéran,2018,Main,Harvest,Groundnuts (In Shell),1097.0,684.0,0.6235186873290793
Togo,Kara,Kéran,2018,Main,Harvest,Maize (Corn),8174.0,6628.0,0.8108637142158062
Togo,Kara,Kéran,2018,Main,Harvest,Millet,1078.0,584.0,0.5417439703153989
Togo,Kara,Kéran,2018,Main,Harvest,Sorghum,1206.0,8090.0,6.708126036484247
Togo,Kara,Kéran,2018,Main,Harvest,Sweet Potatoes,2779.0,11423.0,4.110471392587263
Togo,Kara,Kéran,2018,Main,Harvest,Yams,814.0,6430.0,7.899262899262899
Togo,Kara,Kéran,2019,Annual,Harvest,Rice (Paddy),1327.0,1685.0,1.2697814619442351
Togo,Kara,Kéran,2019,Main,Harvest,Beans (mixed),7977.0,1943.0,0.2435752789269149
Togo,Kara,Kéran,2019,Main,Harvest,Cassava,2109.0,8555.0,4.05642484589853
Togo,Kara,Kéran,2019,Main,Harvest,Cotton (Unspecified),14369.0,12546.102,0.873136752731575
Togo,Kara,Kéran,2019,Main,Harvest,Groundnuts (In Shell),1009.0,651.0,0.645193260654113
Togo,Kara,Kéran,2019,Main,Harvest,Maize (Corn),8303.0,6787.0,0.8174153920269782
Togo,Kara,Kéran,2019,Main,Harvest,Millet,1101.0,596.0,0.5413260672116258
Togo,Kara,Kéran,2019,Main,Harvest,Sorghum,12106.0,8629.0,0.7127870477449199
Togo,Kara,Kéran,2019,Main,Harvest,Sweet Potatoes,2553.0,9729.0,3.8108108108108114
Togo,Kara,Kéran,2019,Main,Harvest,Yams,817.0,5865.0,7.1787025703794365
Togo,Maritime,Avé,2016,Annual,Harvest,Rice (Paddy),558.0,1137.0,2.0376344086021505
Togo,Maritime,Avé,2016,Main,Harvest,Beans (mixed),652.0,780.0,1.196319018404908
Togo,Maritime,Avé,2016,Main,Harvest,Cassava,13808.0,52235.0,3.7829519119351103
Togo,Maritime,Avé,2016,Main,Harvest,Cotton (Unspecified),193.0,151.0,0.7823834196891192
Togo,Maritime,Avé,2016,Main,Harvest,Groundnuts (In Shell),3499.0,2886.0,0.8248070877393541
Togo,Maritime,Avé,2016,Main,Harvest,Maize (Corn),27713.0,21361.0,0.7707934904196586
Togo,Maritime,Avé,2016,Main,Harvest,Sorghum,2836.0,3.86,0.001361071932299
Togo,Maritime,Avé,2016,Main,Harvest,Yams,2244.0,8008.0,3.5686274509803924
Togo,Maritime,Avé,2017,Annual,Harvest,Rice (Paddy),1569.0,2834.0,1.8062460165710643
Togo,Maritime,Avé,2017,Main,Harvest,Beans (mixed),1441.0,1197.0,0.8306731436502429
Togo,Maritime,Avé,2017,Main,Harvest,Cassava,8408.0,31699.0,3.7700999048525214
Togo,Maritime,Avé,2017,Main,Harvest,Cotton (Unspecified),192.0,174.0,0.90625
Togo,Maritime,Avé,2017,Main,Harvest,Groundnuts (In Shell),2072.0,2582.0,1.246138996138996
Togo,Maritime,Avé,2017,Main,Harvest,Maize (Corn),20266.0,18537.0,0.9146846935754466
Togo,Maritime,Avé,2017,Main,Harvest,Sorghum,64.0,36.0,0.5625
Togo,Maritime,Avé,2017,Main,Harvest,Yams,905.0,3648.0,4.030939226519337
Togo,Maritime,Avé,2018,Annual,Harvest,Rice (Paddy),1611.0,3640.0,2.259466170080695
Togo,Maritime,Avé,2018,Main,Harvest,Beans (mixed),1115.0,1079.0,0.967713004484305
Togo,Maritime,Avé,2018,Main,Harvest,Cassava,9116.0,34543.0,3.7892716103554194
Togo,Maritime,Avé,2018,Main,Harvest,Cotton (Unspecified),235.0,207.0,0.8808510638297873
Togo,Maritime,Avé,2018,Main,Harvest,Groundnuts (In Shell),1904.0,2515.0,1.3209033613445378
Togo,Maritime,Avé,2018,Main,Harvest,Maize (Corn),20324.0,14689.0,0.7227415863019091
Togo,Maritime,Avé,2018,Main,Harvest,Sorghum,85.0,62.0,0.7294117647058823
Togo,Maritime,Avé,2018,Main,Harvest,Yams,1029.0,4590.0,4.460641399416909
Togo,Maritime,Avé,2019,Annual,Harvest,Rice (Paddy),1663.0,3271.0,1.9669272399278408
Togo,Maritime,Avé,2019,Main,Harvest,Beans (mixed),1337.0,993.0,0.7427075542258789
Togo,Maritime,Avé,2019,Main,Harvest,Cassava,9202.0,34604.0,3.7604868506846336
Togo,Maritime,Avé,2019,Main,Harvest,Cotton (Unspecified),270.0,139.0,0.5148148148148148
Togo,Maritime,Avé,2019,Main,Harvest,Groundnuts (In Shell),1908.0,2460.0,1.2893081761006289
Togo,Maritime,Avé,2019,Main,Harvest,Maize (Corn),21100.0,15272.0,0.7237914691943128
Togo,Maritime,Avé,2019,Main,Harvest,Sorghum,86.0,63.0,0.7325581395348837
Togo,Maritime,Avé,2019,Main,Harvest,Yams,1156.0,4743.0,4.102941176470588
Togo,Maritime,Bas-Mono,2016,Annual,Harvest,Rice (Paddy),2431.0,5035.0,2.07116412998766
Togo,Maritime,Bas-Mono,2016,Main,Harvest,Beans (mixed),1520.0,1223.0,0.8046052631578947
Togo,Maritime,Bas-Mono,2016,Main,Harvest,Cassava,9844.0,24739.0,2.513104429093864
Togo,Maritime,Bas-Mono,2016,Main,Harvest,Groundnuts (In Shell),28.0,22.0,0.7857142857142857
Togo,Maritime,Bas-Mono,2016,Main,Harvest,Maize (Corn),20444.0,17381.0,0.8501760907845822
Togo,Maritime,Bas-Mono,2017,Annual,Harvest,Rice (Paddy),1075.0,1971.0,1.8334883720930235
Togo,Maritime,Bas-Mono,2017,Main,Harvest,Beans (mixed),1462.0,1407.0,0.9623803009575924
Togo,Maritime,Bas-Mono,2017,Main,Harvest,Cassava,6422.0,15733.0,2.449859856742448
Togo,Maritime,Bas-Mono,2017,Main,Harvest,Groundnuts (In Shell),108.0,102.0,0.9444444444444444
Togo,Maritime,Bas-Mono,2017,Main,Harvest,Maize (Corn),16034.0,12308.0,0.767618810028689
Togo,Maritime,Bas-Mono,2018,Annual,Harvest,Rice (Paddy),1121.0,2072.0,1.8483496877787688
Togo,Maritime,Bas-Mono,2018,Main,Harvest,Beans (mixed),1486.0,1258.0,0.8465679676985195
Togo,Maritime,Bas-Mono,2018,Main,Harvest,Cassava,5602.0,21570.0,3.850410567654409
Togo,Maritime,Bas-Mono,2018,Main,Harvest,Groundnuts (In Shell),101.0,98.0,0.9702970297029704
Togo,Maritime,Bas-Mono,2018,Main,Harvest,Maize (Corn),15922.0,12174.0,0.764602436879789
Togo,Maritime,Bas-Mono,2019,Annual,Harvest,Rice (Paddy),1174.0,1790.0,1.524701873935264
Togo,Maritime,Bas-Mono,2019,Main,Harvest,Beans (mixed),1581.0,1186.0,0.7501581277672359
Togo,Maritime,Bas-Mono,2019,Main,Harvest,Cassava,7738.0,22393.0,2.893900232618248
Togo,Maritime,Bas-Mono,2019,Main,Harvest,Groundnuts (In Shell),141.0,139.0,0.9858156028368794
Togo,Maritime,Bas-Mono,2019,Main,Harvest,Maize (Corn),16001.0,13890.0,0.8680707455784014
Togo,Maritime,Lacs,2016,Main,Harvest,Beans (mixed),7355.0,9638.0,1.3104010876954453
Togo,Maritime,Lacs,2016,Main,Harvest,Cassava,13995.0,39197.0,2.800785994998213
Togo,Maritime,Lacs,2016,Main,Harvest,Groundnuts (In Shell),341.0,492.0,1.4428152492668622
Togo,Maritime,Lacs,2016,Main,Harvest,Maize (Corn),9667.0,8125.0,0.8404882590255508
Togo,Maritime,Lacs,2017,Main,Harvest,Beans (mixed),2010.0,2006.0,0.9980099502487564
Togo,Maritime,Lacs,2017,Main,Harvest,Cassava,12189.0,34349.0,2.8180326523915005
Togo,Maritime,Lacs,2017,Main,Harvest,Groundnuts (In Shell),880.0,813.0,0.9238636363636364
Togo,Maritime,Lacs,2017,Main,Harvest,Maize (Corn),13055.0,9668.0,0.7405591727307544
Togo,Maritime,Lacs,2018,Main,Harvest,Beans (mixed),1665.0,1543.0,0.9267267267267268
Togo,Maritime,Lacs,2018,Main,Harvest,Cassava,12242.0,36165.0,2.9541741545499103
Togo,Maritime,Lacs,2018,Main,Harvest,Groundnuts (In Shell),845.0,802.0,0.9491124260355028
Togo,Maritime,Lacs,2018,Main,Harvest,Maize (Corn),12808.0,9316.0,0.7273579013116802
Togo,Maritime,Lacs,2019,Main,Harvest,Beans (mixed),1949.0,1767.0,0.9066187788609544
Togo,Maritime,Lacs,2019,Main,Harvest,Cassava,12379.0,36919.0,2.9823895306567576
Togo,Maritime,Lacs,2019,Main,Harvest,Groundnuts (In Shell),852.0,820.0,0.9624413145539906
Togo,Maritime,Lacs,2019,Main,Harvest,Maize (Corn),12992.0,9431.0,0.7259082512315271
Togo,Maritime,Vo,2016,Annual,Harvest,Rice (Paddy),83.0,164.0,1.9759036144578312
Togo,Maritime,Vo,2016,Main,Harvest,Beans (mixed),13915.0,12406.0,0.8915558749550845
Togo,Maritime,Vo,2016,Main,Harvest,Cassava,26732.0,74516.0,2.7875205745922487
Togo,Maritime,Vo,2016,Main,Harvest,Groundnuts (In Shell),782.0,757.0,0.9680306905370843
Togo,Maritime,Vo,2016,Main,Harvest,Maize (Corn),35727.0,30930.0,0.8657317994793854
Togo,Maritime,Vo,2016,Main,Harvest,Yams,10.0,56.0,5.6
Togo,Maritime,Vo,2017,Main,Harvest,Beans (mixed),12411.0,14000.0,1.1280315848843767
Togo,Maritime,Vo,2017,Main,Harvest,Cassava,30733.0,98344.0,3.1999479386978167
Togo,Maritime,Vo,2017,Main,Harvest,Groundnuts (In Shell),990.0,983.0,0.9929292929292928
Togo,Maritime,Vo,2017,Main,Harvest,Maize (Corn),22302.0,16341.0,0.732714554748453
Togo,Maritime,Vo,2017,Main,Harvest,Sorghum,1615.0,1022.0,0.6328173374613003
Togo,Maritime,Vo,2017,Main,Harvest,Soybean (unspecified),22.0,31.0,1.4090909090909092
Togo,Maritime,Vo,2018,Annual,Harvest,Rice (Paddy),68.0,135.0,1.9852941176470589
Togo,Maritime,Vo,2018,Main,Harvest,Beans (mixed),12731.0,11485.0,0.9021286623203204
Togo,Maritime,Vo,2018,Main,Harvest,Cassava,31817.0,94488.0,2.969733161517428
Togo,Maritime,Vo,2018,Main,Harvest,Groundnuts (In Shell),996.0,1087.0,1.0913654618473896
Togo,Maritime,Vo,2018,Main,Harvest,Maize (Corn),22862.0,16483.0,0.7209780421660397
Togo,Maritime,Vo,2018,Main,Harvest,Sorghum,1706.0,1135.0,0.6652989449003517
Togo,Maritime,Vo,2018,Main,Harvest,Soybean (unspecified),35.0,31.0,0.8857142857142857
Togo,Maritime,Vo,2018,Main,Harvest,Yams,8.0,37.0,4.625
Togo,Maritime,Vo,2019,Annual,Harvest,Rice (Paddy),75.0,131.0,1.7466666666666666
Togo,Maritime,Vo,2019,Main,Harvest,Beans (mixed),12742.0,11360.0,0.891539789671951
Togo,Maritime,Vo,2019,Main,Harvest,Cassava,32805.0,94931.0,2.893796677335772
Togo,Maritime,Vo,2019,Main,Harvest,Groundnuts (In Shell),988.0,946.0,0.95748987854251
Togo,Maritime,Vo,2019,Main,Harvest,Maize (Corn),23001.0,16185.0,0.7036650580409547
Togo,Maritime,Vo,2019,Main,Harvest,Sorghum,1656.0,1102.0,0.6654589371980676
Togo,Maritime,Vo,2019,Main,Harvest,Soybean (unspecified),35.0,30.0,0.8571428571428571
Togo,Maritime,Vo,2019,Main,Harvest,Yams,8.0,37.0,4.625
Togo,Maritime,Yoto,2016,Annual,Harvest,Rice (Paddy),692.0,1332.0,1.92485549132948
Togo,Maritime,Yoto,2016,Main,Harvest,Beans (mixed),3884.0,4202.0,1.0818743563336766
Togo,Maritime,Yoto,2016,Main,Harvest,Cassava,29021.0,83668.0,2.883015747217532
Togo,Maritime,Yoto,2016,Main,Harvest,Cotton (Unspecified),1739.0,1456.0,0.8372627947096032
Togo,Maritime,Yoto,2016,Main,Harvest,Groundnuts (In Shell),182.0,155.0,0.8516483516483516
Togo,Maritime,Yoto,2016,Main,Harvest,Maize (Corn),30731.0,29778.0,0.9689889687937262
Togo,Maritime,Yoto,2016,Main,Harvest,Yams,485.0,2200.0,4.536082474226804
Togo,Maritime,Yoto,2017,Annual,Harvest,Rice (Paddy),912.0,1678.0,1.8399122807017545
Togo,Maritime,Yoto,2017,Main,Harvest,Beans (mixed),2864.0,2818.0,0.9839385474860336
Togo,Maritime,Yoto,2017,Main,Harvest,Cassava,32701.0,111247.0,3.40194489465154
Togo,Maritime,Yoto,2017,Main,Harvest,Cotton (Unspecified),2542.0,1860.0,0.7317073170731707
Togo,Maritime,Yoto,2017,Main,Harvest,Groundnuts (In Shell),1122.0,1364.0,1.2156862745098038
Togo,Maritime,Yoto,2017,Main,Harvest,Maize (Corn),40100.0,39766.0,0.9916708229426434
Togo,Maritime,Yoto,2017,Main,Harvest,Sorghum,1406.0,927.0,0.6593172119487909
Togo,Maritime,Yoto,2017,Main,Harvest,Soybean (unspecified),210.0,150.0,0.7142857142857143
Togo,Maritime,Yoto,2017,Main,Harvest,Yams,1279.0,4214.0,3.2947615324472244
Togo,Maritime,Yoto,2018,Annual,Harvest,Rice (Paddy),880.0,1634.0,1.856818181818182
Togo,Maritime,Yoto,2018,Main,Harvest,Beans (mixed),2895.0,3743.0,1.2929188255613129
Togo,Maritime,Yoto,2018,Main,Harvest,Cassava,33988.0,107746.0,3.170118865481935
Togo,Maritime,Yoto,2018,Main,Harvest,Cotton (Unspecified),2828.0,2170.0,0.7673267326732673
Togo,Maritime,Yoto,2018,Main,Harvest,Groundnuts (In Shell),1151.0,1106.0,0.9609035621198956
Togo,Maritime,Yoto,2018,Main,Harvest,Maize (Corn),41676.0,35087.0,0.841899414531145
Togo,Maritime,Yoto,2018,Main,Harvest,Sorghum,1247.0,911.0,0.7305533279871692
Togo,Maritime,Yoto,2018,Main,Harvest,Soybean (unspecified),210.0,162.0,0.7714285714285715
Togo,Maritime,Yoto,2018,Main,Harvest,Yams,1239.0,5107.0,4.121872477804681
Togo,Maritime,Yoto,2019,Annual,Harvest,Rice (Paddy),934.0,1753.0,1.8768736616702355
Togo,Maritime,Yoto,2019,Main,Harvest,Beans (mixed),2976.0,3600.0,1.2096774193548387
Togo,Maritime,Yoto,2019,Main,Harvest,Cassava,34516.0,106165.0,3.0758199096071386
Togo,Maritime,Yoto,2019,Main,Harvest,Cotton (Unspecified),2734.0,1334.0,0.4879297732260424
Togo,Maritime,Yoto,2019,Main,Harvest,Groundnuts (In Shell),1146.0,1029.0,0.8979057591623036
Togo,Maritime,Yoto,2019,Main,Harvest,Maize (Corn),46885.0,42824.0,0.9133838114535566
Togo,Maritime,Yoto,2019,Main,Harvest,Sorghum,1311.0,957.0,0.7299771167048055
Togo,Maritime,Yoto,2019,Main,Harvest,Soybean (unspecified),223.0,168.0,0.7533632286995515
Togo,Maritime,Yoto,2019,Main,Harvest,Yams,1300.0,5408.0,4.16
Togo,Maritime,Zio,2016,Annual,Harvest,Rice (Paddy),4342.0,7832.0,1.8037770612620911
Togo,Maritime,Zio,2016,Main,Harvest,Beans (mixed),11889.0,14339.0,1.2060728404407437
Togo,Maritime,Zio,2016,Main,Harvest,Cassava,30520.0,104330.0,3.4184141546526874
Togo,Maritime,Zio,2016,Main,Harvest,Cotton (Unspecified),8887.0,7533.0,0.8476426240576123
Togo,Maritime,Zio,2016,Main,Harvest,Groundnuts (In Shell),1125.0,2682.0,2.384
Togo,Maritime,Zio,2016,Main,Harvest,Maize (Corn),28789.0,27124.0,0.9421654103998056
Togo,Maritime,Zio,2016,Main,Harvest,Sorghum,295.0,3.86,0.0130847457627119
Togo,Maritime,Zio,2016,Main,Harvest,Soybean (unspecified),299.0,236.0,0.7892976588628763
Togo,Maritime,Zio,2016,Main,Harvest,Yams,1928.0,7213.0,3.741182572614108
Togo,Maritime,Zio,2017,Annual,Harvest,Rice (Paddy),4514.0,8916.0,1.9751883030571555
Togo,Maritime,Zio,2017,Main,Harvest,Beans (mixed),19773.0,22448.0,1.1352854903150762
Togo,Maritime,Zio,2017,Main,Harvest,Cassava,28218.0,91707.0,3.249946842440995
Togo,Maritime,Zio,2017,Main,Harvest,Cotton (Unspecified),10353.0,7303.0,0.7053994011397663
Togo,Maritime,Zio,2017,Main,Harvest,Groundnuts (In Shell),875.0,1186.0,1.3554285714285714
Togo,Maritime,Zio,2017,Main,Harvest,Maize (Corn),44674.0,42454.0,0.9503066660697498
Togo,Maritime,Zio,2017,Main,Harvest,Sorghum,1151.0,1032.0,0.896611642050391
Togo,Maritime,Zio,2017,Main,Harvest,Soybean (unspecified),81.0,64.0,0.7901234567901234
Togo,Maritime,Zio,2017,Main,Harvest,Yams,1948.0,9379.0,4.814681724845996
Togo,Maritime,Zio,2018,Annual,Harvest,Rice (Paddy),4538.0,8153.0,1.7966064345526664
Togo,Maritime,Zio,2018,Main,Harvest,Beans (mixed),21006.0,25415.0,1.2098924116918977
Togo,Maritime,Zio,2018,Main,Harvest,Cassava,29429.0,95699.0,3.2518604097998574
Togo,Maritime,Zio,2018,Main,Harvest,Cotton (Unspecified),11439.0,8717.0,0.7620421365503978
Togo,Maritime,Zio,2018,Main,Harvest,Groundnuts (In Shell),948.0,1175.0,1.239451476793249
Togo,Maritime,Zio,2018,Main,Harvest,Maize (Corn),46988.0,52602.0,1.1194773133566016
Togo,Maritime,Zio,2018,Main,Harvest,Sorghum,1253.0,1017.0,0.8116520351157223
Togo,Maritime,Zio,2018,Main,Harvest,Soybean (unspecified),85.0,67.0,0.788235294117647
Togo,Maritime,Zio,2018,Main,Harvest,Yams,1990.0,7953.0,3.996482412060301
Togo,Maritime,Zio,2019,Annual,Harvest,Rice (Paddy),4702.0,8294.0,1.7639302424500212
Togo,Maritime,Zio,2019,Main,Harvest,Beans (mixed),21141.0,23955.0,1.1331062863629913
Togo,Maritime,Zio,2019,Main,Harvest,Cassava,29720.0,96564.0,3.2491251682368776
Togo,Maritime,Zio,2019,Main,Harvest,Cotton (Unspecified),12023.0,6501.0,0.5407136322049405
Togo,Maritime,Zio,2019,Main,Harvest,Groundnuts (In Shell),964.0,1262.0,1.3091286307053942
Togo,Maritime,Zio,2019,Main,Harvest,Maize (Corn),48091.0,46015.0,0.9568318396373542
Togo,Maritime,Zio,2019,Main,Harvest,Sorghum,1277.0,1031.0,0.8073610023492561
Togo,Maritime,Zio,2019,Main,Harvest,Soybean (unspecified),86.0,65.0,0.7558139534883721
Togo,Maritime,Zio,2019,Main,Harvest,Yams,1954.0,8319.0,4.257420675537359
Togo,Plateaux,Agou,2016,Annual,Harvest,Rice (Paddy),235.0,230.0,0.9787234042553192
Togo,Plateaux,Agou,2016,Main,Harvest,Cassava,695.0,1206.0,1.735251798561151
Togo,Plateaux,Agou,2016,Main,Harvest,Cowpea (unspecified),1327.0,557.0,0.4197437829691033
Togo,Plateaux,Agou,2016,Main,Harvest,Groundnuts (In Shell),273.0,144.0,0.5274725274725275
Togo,Plateaux,Agou,2016,Main,Harvest,Maize (Corn),12715.0,16803.0,1.3215100275265437
Togo,Plateaux,Agou,2016,Main,Harvest,Yams,500.0,4579.0,9.158
Togo,Plateaux,Agou,2017,Annual,Harvest,Rice (Paddy),666.0,680.0,1.021021021021021
Togo,Plateaux,Agou,2017,Main,Harvest,Cassava,2812.0,9606.0,3.416073968705548
Togo,Plateaux,Agou,2017,Main,Harvest,Cowpea (unspecified),1072.0,447.0,0.4169776119402985
Togo,Plateaux,Agou,2017,Main,Harvest,Groundnuts (In Shell),824.0,285.0,0.345873786407767
Togo,Plateaux,Agou,2017,Main,Harvest,Maize (Corn),19950.0,24392.0,1.22265664160401
Togo,Plateaux,Agou,2017,Main,Harvest,Sorghum,43.0,16.0,0.3720930232558139
Togo,Plateaux,Agou,2017,Main,Harvest,Yams,2307.0,22165.0,9.607715648027742
Togo,Plateaux,Agou,2018,Annual,Harvest,Rice (Paddy),683.0,701.0,1.026354319180088
Togo,Plateaux,Agou,2018,Main,Harvest,Cassava,2742.0,6636.0,2.4201312910284463
Togo,Plateaux,Agou,2018,Main,Harvest,Cowpea (unspecified),1097.0,444.0,0.4047402005469462
Togo,Plateaux,Agou,2018,Main,Harvest,Groundnuts (In Shell),830.0,428.0,0.5156626506024097
Togo,Plateaux,Agou,2018,Main,Harvest,Maize (Corn),18407.0,24610.0,1.3369913619818548
Togo,Plateaux,Agou,2018,Main,Harvest,Sorghum,45.0,17.0,0.3777777777777778
Togo,Plateaux,Agou,2018,Main,Harvest,Soybean (unspecified),13.0,8.0,0.6153846153846154
Togo,Plateaux,Agou,2018,Main,Harvest,Yams,2075.0,21348.0,10.288192771084338
Togo,Plateaux,Akébou,2016,Annual,Harvest,Rice (Paddy),1804.0,1687.0,0.9351441241685144
Togo,Plateaux,Akébou,2016,Main,Harvest,Cassava,3758.0,12181.0,3.241351782863225
Togo,Plateaux,Akébou,2016,Main,Harvest,Cowpea (unspecified),4762.0,2309.0,0.4848803023939521
Togo,Plateaux,Akébou,2016,Main,Harvest,Groundnuts (In Shell),2465.0,2094.0,0.8494929006085192
Togo,Plateaux,Akébou,2016,Main,Harvest,Maize (Corn),8765.0,11715.0,1.3365658870507702
Togo,Plateaux,Akébou,2016,Main,Harvest,Sorghum,1295.0,1074.0,0.8293436293436294
Togo,Plateaux,Akébou,2016,Main,Harvest,Soybean (unspecified),232.0,118.0,0.5086206896551724
Togo,Plateaux,Akébou,2016,Main,Harvest,Yams,968.0,8690.0,8.977272727272727
Togo,Plateaux,Akébou,2017,Annual,Harvest,Rice (Paddy),3200.0,3140.0,0.98125
Togo,Plateaux,Akébou,2017,Main,Harvest,Cassava,4542.0,18115.0,3.9883311316600616
Togo,Plateaux,Akébou,2017,Main,Harvest,Cowpea (unspecified),5281.0,2541.0,0.4811588714258663
Togo,Plateaux,Akébou,2017,Main,Harvest,Groundnuts (In Shell),1409.0,992.0,0.7040454222853088
Togo,Plateaux,Akébou,2017,Main,Harvest,Maize (Corn),9792.0,12965.0,1.3240400326797386
Togo,Plateaux,Akébou,2017,Main,Harvest,Sorghum,2735.0,2314.0,0.8460694698354662
Togo,Plateaux,Akébou,2017,Main,Harvest,Soybean (unspecified),250.0,144.0,0.576
Togo,Plateaux,Akébou,2017,Main,Harvest,Yams,1672.0,15665.0,9.36901913875598
Togo,Plateaux,Akébou,2018,Annual,Harvest,Rice (Paddy),664.0,625.0,0.941265060240964
Togo,Plateaux,Akébou,2018,Main,Harvest,Cassava,5041.0,18238.0,3.6179329498115447
Togo,Plateaux,Akébou,2018,Main,Harvest,Cowpea (unspecified),5178.0,2454.0,0.473928157589803
Togo,Plateaux,Akébou,2018,Main,Harvest,Groundnuts (In Shell),1437.0,1142.0,0.7947112038970077
Togo,Plateaux,Akébou,2018,Main,Harvest,Maize (Corn),10108.0,13863.0,1.3714879303521963
Togo,Plateaux,Akébou,2018,Main,Harvest,Sorghum,2496.0,2090.0,0.8373397435897436
Togo,Plateaux,Akébou,2018,Main,Harvest,Soybean (unspecified),310.0,176.0,0.567741935483871
Togo,Plateaux,Akébou,2018,Main,Harvest,Yams,1900.0,19208.0,10.109473684210526
Togo,Plateaux,Amou,2016,Annual,Harvest,Rice (Paddy),333.0,392.0,1.177177177177177
Togo,Plateaux,Amou,2016,Main,Harvest,Cassava,1700.0,7832.0,4.607058823529412
Togo,Plateaux,Amou,2016,Main,Harvest,Cowpea (unspecified),14461.0,11011.0,0.761427287186225
Togo,Plateaux,Amou,2016,Main,Harvest,Groundnuts (In Shell),944.0,409.0,0.4332627118644068
Togo,Plateaux,Amou,2016,Main,Harvest,Maize (Corn),34311.0,44819.0,1.3062574684503512
Togo,Plateaux,Amou,2016,Main,Harvest,Millet,870.0,532.0,0.6114942528735632
Togo,Plateaux,Amou,2016,Main,Harvest,Sorghum,4809.0,6729.0,1.3992514036182158
Togo,Plateaux,Amou,2016,Main,Harvest,Soybean (unspecified),1486.0,493.0,0.3317631224764468
Togo,Plateaux,Amou,2016,Main,Harvest,Yams,1610.0,13403.0,8.324844720496895
Togo,Plateaux,Amou,2017,Annual,Harvest,Rice (Paddy),2199.0,2234.0,1.0159163256025463
Togo,Plateaux,Amou,2017,Main,Harvest,Cassava,7360.0,34443.0,4.679755434782609
Togo,Plateaux,Amou,2017,Main,Harvest,Cowpea (unspecified),24575.0,14843.0,0.6039877924720244
Togo,Plateaux,Amou,2017,Main,Harvest,Groundnuts (In Shell),1157.0,974.0,0.8418323249783924
Togo,Plateaux,Amou,2017,Main,Harvest,Maize (Corn),21401.0,32738.0,1.5297416008597728
Togo,Plateaux,Amou,2017,Main,Harvest,Millet,4752.0,1559.0,0.3280723905723906
Togo,Plateaux,Amou,2017,Main,Harvest,Sorghum,4089.0,6052.0,1.4800684764000978
Togo,Plateaux,Amou,2017,Main,Harvest,Soybean (unspecified),1601.0,603.0,0.3766396002498438
Togo,Plateaux,Amou,2017,Main,Harvest,Yams,3130.0,28699.0,9.169009584664536
Togo,Plateaux,Amou,2018,Annual,Harvest,Rice (Paddy),2549.0,2761.0,1.0831698705374655
Togo,Plateaux,Amou,2018,Main,Harvest,Cassava,7566.0,35610.0,4.7065820777160985
Togo,Plateaux,Amou,2018,Main,Harvest,Cowpea (unspecified),25236.0,16046.0,0.6358376921857664
Togo,Plateaux,Amou,2018,Main,Harvest,Groundnuts (In Shell),1129.0,987.0,0.8742249778565102
Togo,Plateaux,Amou,2018,Main,Harvest,Maize (Corn),23148.0,32149.0,1.3888456886124072
Togo,Plateaux,Amou,2018,Main,Harvest,Millet,3197.0,984.0,0.3077885517672818
Togo,Plateaux,Amou,2018,Main,Harvest,Sorghum,4032.0,5939.0,1.4729662698412698
Togo,Plateaux,Amou,2018,Main,Harvest,Soybean (unspecified),1776.0,929.0,0.5230855855855856
Togo,Plateaux,Amou,2018,Main,Harvest,Yams,3139.0,29080.0,9.26409684612934
Togo,Plateaux,Anié,2016,Annual,Harvest,Rice (Paddy),6274.0,5496.0,0.8759961746891936
Togo,Plateaux,Anié,2016,Main,Harvest,Cassava,5880.0,36056.0,6.131972789115647
Togo,Plateaux,Anié,2016,Main,Harvest,Cowpea (unspecified),35947.0,20556.0,0.5718418783208613
Togo,Plateaux,Anié,2016,Main,Harvest,Groundnuts (In Shell),1423.0,791.0,0.5558678847505271
Togo,Plateaux,Anié,2016,Main,Harvest,Maize (Corn),7116.0,9603.0,1.3494940978077572
Togo,Plateaux,Anié,2016,Main,Harvest,Sorghum,2942.0,2442.0,0.8300475866757308
Togo,Plateaux,Anié,2016,Main,Harvest,Soybean (unspecified),854.0,468.0,0.5480093676814989
Togo,Plateaux,Anié,2016,Main,Harvest,Yams,750.0,7072.0,9.429333333333334
Togo,Plateaux,Anié,2017,Annual,Harvest,Rice (Paddy),877.0,912.0,1.039908779931585
Togo,Plateaux,Anié,2017,Main,Harvest,Cassava,256.0,1456.0,5.6875
Togo,Plateaux,Anié,2017,Main,Harvest,Cowpea (unspecified),2760.0,1641.0,0.5945652173913043
Togo,Plateaux,Anié,2017,Main,Harvest,Groundnuts (In Shell),903.0,501.0,0.5548172757475083
Togo,Plateaux,Anié,2017,Main,Harvest,Maize (Corn),11834.0,13966.0,1.180158864289336
Togo,Plateaux,Anié,2017,Main,Harvest,Sorghum,6402.0,4295.0,0.6708840987191502
Togo,Plateaux,Anié,2017,Main,Harvest,Soybean (unspecified),919.0,572.0,0.6224156692056583
Togo,Plateaux,Anié,2017,Main,Harvest,Yams,990.0,7702.0,7.779797979797981
Togo,Plateaux,Anié,2018,Annual,Harvest,Rice (Paddy),1409.0,1349.0,0.957416607523066
Togo,Plateaux,Anié,2018,Main,Harvest,Cassava,361.0,2302.0,6.376731301939057
Togo,Plateaux,Anié,2018,Main,Harvest,Cowpea (unspecified),3243.0,1569.0,0.4838112858464385
Togo,Plateaux,Anié,2018,Main,Harvest,Groundnuts (In Shell),903.0,568.0,0.6290143964562569
Togo,Plateaux,Anié,2018,Main,Harvest,Maize (Corn),11076.0,15015.0,1.3556338028169015
Togo,Plateaux,Anié,2018,Main,Harvest,Sorghum,7442.0,5937.0,0.7977694168234346
Togo,Plateaux,Anié,2018,Main,Harvest,Soybean (unspecified),1045.0,536.0,0.5129186602870813
Togo,Plateaux,Anié,2018,Main,Harvest,Yams,1130.0,8558.0,7.573451327433629
Togo,Plateaux,Danyi,2016,Annual,Harvest,Rice (Paddy),2010.0,2644.0,1.3154228855721393
Togo,Plateaux,Danyi,2016,Main,Harvest,Cassava,2449.0,10771.0,4.398121682319314
Togo,Plateaux,Danyi,2016,Main,Harvest,Cowpea (unspecified),1359.0,631.0,0.4643119941133186
Togo,Plateaux,Danyi,2016,Main,Harvest,Groundnuts (In Shell),147.0,75.0,0.5102040816326531
Togo,Plateaux,Danyi,2016,Main,Harvest,Maize (Corn),7252.0,9445.0,1.302399338113624
Togo,Plateaux,Danyi,2016,Main,Harvest,Yams,47.0,334.0,7.1063829787234045
Togo,Plateaux,Danyi,2017,Annual,Harvest,Rice (Paddy),3502.0,3865.0,1.1036550542547117
Togo,Plateaux,Danyi,2017,Main,Harvest,Cassava,6928.0,30484.0,4.400115473441109
Togo,Plateaux,Danyi,2017,Main,Harvest,Cowpea (unspecified),4885.0,2882.0,0.5899692937563972
Togo,Plateaux,Danyi,2017,Main,Harvest,Groundnuts (In Shell),170.0,87.0,0.5117647058823529
Togo,Plateaux,Danyi,2017,Main,Harvest,Maize (Corn),8812.0,11173.0,1.2679300953245574
Togo,Plateaux,Danyi,2017,Main,Harvest,Yams,233.0,2019.0,8.665236051502147
Togo,Plateaux,Danyi,2018,Annual,Harvest,Rice (Paddy),3778.0,4552.0,1.204870301746956
Togo,Plateaux,Danyi,2018,Main,Harvest,Cassava,5464.0,25364.0,4.642020497803808
Togo,Plateaux,Danyi,2018,Main,Harvest,Cowpea (unspecified),5103.0,2405.0,0.4712913972173232
Togo,Plateaux,Danyi,2018,Main,Harvest,Groundnuts (In Shell),266.0,157.0,0.5902255639097744
Togo,Plateaux,Danyi,2018,Main,Harvest,Maize (Corn),10787.0,14428.0,1.3375359228701214
Togo,Plateaux,Danyi,2018,Main,Harvest,Yams,293.0,2295.0,7.832764505119455
Togo,Plateaux,Est-Mono,2016,Annual,Harvest,Rice (Paddy),1287.0,1502.0,1.167055167055167
Togo,Plateaux,Est-Mono,2016,Main,Harvest,Cassava,257.0,1049.0,4.081712062256809
Togo,Plateaux,Est-Mono,2016,Main,Harvest,Cowpea (unspecified),7671.0,3715.0,0.4842914874201538
Togo,Plateaux,Est-Mono,2016,Main,Harvest,Groundnuts (In Shell),1726.0,863.0,0.5
Togo,Plateaux,Est-Mono,2016,Main,Harvest,Maize (Corn),48819.0,69205.0,1.4175833179704622
Togo,Plateaux,Est-Mono,2016,Main,Harvest,Sorghum,40447.0,35200.0,0.8702746804460157
Togo,Plateaux,Est-Mono,2016,Main,Harvest,Soybean (unspecified),1420.0,1090.0,0.7676056338028169
Togo,Plateaux,Est-Mono,2016,Main,Harvest,Yams,9988.0,80966.0,8.106327593111734
Togo,Plateaux,Est-Mono,2017,Annual,Harvest,Rice (Paddy),1988.0,2034.0,1.023138832997988
Togo,Plateaux,Est-Mono,2017,Main,Harvest,Cassava,688.0,3194.0,4.642441860465116
Togo,Plateaux,Est-Mono,2017,Main,Harvest,Cowpea (unspecified),20451.0,12165.0,0.5948364383159748
Togo,Plateaux,Est-Mono,2017,Main,Harvest,Groundnuts (In Shell),696.0,377.0,0.5416666666666666
Togo,Plateaux,Est-Mono,2017,Main,Harvest,Maize (Corn),44988.0,62173.0,1.3819907530897129
Togo,Plateaux,Est-Mono,2017,Main,Harvest,Sorghum,27568.0,37603.0,1.3640089959373187
Togo,Plateaux,Est-Mono,2017,Main,Harvest,Soybean (unspecified),1529.0,1333.0,0.8718116415958143
Togo,Plateaux,Est-Mono,2017,Main,Harvest,Yams,8638.0,73483.0,8.506946052326928
Togo,Plateaux,Est-Mono,2018,Annual,Harvest,Rice (Paddy),2204.0,2461.0,1.116606170598911
Togo,Plateaux,Est-Mono,2018,Main,Harvest,Cassava,801.0,3454.0,4.312109862671661
Togo,Plateaux,Est-Mono,2018,Main,Harvest,Cowpea (unspecified),21322.0,9864.0,0.4626207672826189
Togo,Plateaux,Est-Mono,2018,Main,Harvest,Groundnuts (In Shell),776.0,433.0,0.5579896907216495
Togo,Plateaux,Est-Mono,2018,Main,Harvest,Maize (Corn),45588.0,65111.0,1.4282486619285777
Togo,Plateaux,Est-Mono,2018,Main,Harvest,Sorghum,27759.0,23601.0,0.8502107424619042
Togo,Plateaux,Est-Mono,2018,Main,Harvest,Soybean (unspecified),1941.0,,
Togo,Plateaux,Est-Mono,2018,Main,Harvest,Yams,8730.0,74472.0,8.530584192439862
Togo,Plateaux,Haho,2016,Annual,Harvest,Rice (Paddy),1368.0,1310.0,0.9576023391812866
Togo,Plateaux,Haho,2016,Main,Harvest,Cassava,14716.0,59790.0,4.062924707801033
Togo,Plateaux,Haho,2016,Main,Harvest,Cowpea (unspecified),17762.0,5701.0,0.3209661074203355
Togo,Plateaux,Haho,2016,Main,Harvest,Groundnuts (In Shell),692.0,516.0,0.7456647398843931
Togo,Plateaux,Haho,2016,Main,Harvest,Maize (Corn),57148.0,82778.0,1.4484846363827255
Togo,Plateaux,Haho,2016,Main,Harvest,Millet,2732.0,1576.0,0.5768667642752562
Togo,Plateaux,Haho,2016,Main,Harvest,Sorghum,12747.0,18467.0,1.4487330352239742
Togo,Plateaux,Haho,2016,Main,Harvest,Soybean (unspecified),1754.0,1208.0,0.6887115165336374
Togo,Plateaux,Haho,2016,Main,Harvest,Yams,1196.0,9662.0,8.078595317725753
Togo,Plateaux,Haho,2017,Annual,Harvest,Rice (Paddy),1487.0,1612.0,1.0840618695359785
Togo,Plateaux,Haho,2017,Main,Harvest,Cassava,10336.0,44340.0,4.289860681114551
Togo,Plateaux,Haho,2017,Main,Harvest,Cowpea (unspecified),21305.0,13000.0,0.6101854024876789
Togo,Plateaux,Haho,2017,Main,Harvest,Groundnuts (In Shell),939.0,959.0,1.0212992545260915
Togo,Plateaux,Haho,2017,Main,Harvest,Maize (Corn),57345.0,87657.0,1.5285901124771122
Togo,Plateaux,Haho,2017,Main,Harvest,Millet,1218.0,426.0,0.3497536945812808
Togo,Plateaux,Haho,2017,Main,Harvest,Sorghum,766.0,944.0,1.2323759791122717
Togo,Plateaux,Haho,2017,Main,Harvest,Soybean (unspecified),1889.0,1478.0,0.7824245632609846
Togo,Plateaux,Haho,2017,Main,Harvest,Yams,1501.0,13387.0,8.918720852764823
Togo,Plateaux,Haho,2018,Annual,Harvest,Rice (Paddy),1427.0,1541.0,1.0798878766643307
Togo,Plateaux,Haho,2018,Main,Harvest,Cassava,11032.0,49566.0,4.492929659173313
Togo,Plateaux,Haho,2018,Main,Harvest,Cowpea (unspecified),23306.0,15497.0,0.6649360679653308
Togo,Plateaux,Haho,2018,Main,Harvest,Groundnuts (In Shell),988.0,633.0,0.6406882591093117
Togo,Plateaux,Haho,2018,Main,Harvest,Maize (Corn),61679.0,91299.0,1.4802282786685903
Togo,Plateaux,Haho,2018,Main,Harvest,Millet,1108.0,425.0,0.3835740072202166
Togo,Plateaux,Haho,2018,Main,Harvest,Sorghum,926.0,1146.0,1.2375809935205184
Togo,Plateaux,Haho,2018,Main,Harvest,Soybean (unspecified),2109.0,1645.0,0.7799905168326221
Togo,Plateaux,Haho,2018,Main,Harvest,Yams,1729.0,15469.0,8.94679005205321
Togo,Plateaux,Kloto,2016,Annual,Harvest,Rice (Paddy),711.0,605.0,0.8509142053445851
Togo,Plateaux,Kloto,2016,Main,Harvest,Cassava,5688.0,31812.0,5.5928270042194095
Togo,Plateaux,Kloto,2016,Main,Harvest,Cowpea (unspecified),14040.0,11789.0,0.8396723646723647
Togo,Plateaux,Kloto,2016,Main,Harvest,Groundnuts (In Shell),375.0,152.0,0.4053333333333333
Togo,Plateaux,Kloto,2016,Main,Harvest,Maize (Corn),9321.0,12427.0,1.3332260487072205
Togo,Plateaux,Kloto,2016,Main,Harvest,Yams,1357.0,9761.0,7.193072955047899
Togo,Plateaux,Kloto,2017,Annual,Harvest,Rice (Paddy),1015.0,990.0,0.9753694581280788
Togo,Plateaux,Kloto,2017,Main,Harvest,Cassava,7907.0,39059.0,4.939800177058303
Togo,Plateaux,Kloto,2017,Main,Harvest,Cowpea (unspecified),6789.0,3351.0,0.4935925762262484
Togo,Plateaux,Kloto,2017,Main,Harvest,Groundnuts (In Shell),482.0,149.0,0.3091286307053942
Togo,Plateaux,Kloto,2017,Main,Harvest,Maize (Corn),15672.0,21267.0,1.3570061255742727
Togo,Plateaux,Kloto,2017,Main,Harvest,Yams,1709.0,16638.0,9.735517846693972
Togo,Plateaux,Kloto,2018,Annual,Harvest,Rice (Paddy),1246.0,1125.0,0.9028892455858748
Togo,Plateaux,Kloto,2018,Main,Harvest,Cassava,8045.0,42069.0,5.229210689869484
Togo,Plateaux,Kloto,2018,Main,Harvest,Cowpea (unspecified),7065.0,3899.0,0.5518754423213021
Togo,Plateaux,Kloto,2018,Main,Harvest,Groundnuts (In Shell),671.0,325.0,0.4843517138599106
Togo,Plateaux,Kloto,2018,Main,Harvest,Maize (Corn),15464.0,21266.0,1.3751939989653388
Togo,Plateaux,Kloto,2018,Main,Harvest,Yams,1805.0,15840.0,8.77562326869806
Togo,Plateaux,Kpélé,2016,Annual,Harvest,Rice (Paddy),4198.0,5108.0,1.2167698904240114
Togo,Plateaux,Kpélé,2016,Main,Harvest,Cassava,306.0,1409.0,4.604575163398692
Togo,Plateaux,Kpélé,2016,Main,Harvest,Cowpea (unspecified),4925.0,6048.0,1.2280203045685278
Togo,Plateaux,Kpélé,2016,Main,Harvest,Groundnuts (In Shell),18.0,16.0,0.8888888888888888
Togo,Plateaux,Kpélé,2016,Main,Harvest,Maize (Corn),16900.0,23268.0,1.3768047337278106
Togo,Plateaux,Kpélé,2016,Main,Harvest,Millet,1523.0,332.0,0.2179908076165463
Togo,Plateaux,Kpélé,2016,Main,Harvest,Soybean (unspecified),1070.0,616.0,0.5757009345794393
Togo,Plateaux,Kpélé,2016,Main,Harvest,Yams,812.0,7564.0,9.31527093596059
Togo,Plateaux,Kpélé,2017,Annual,Harvest,Rice (Paddy),3498.0,4089.0,1.1689536878216122
Togo,Plateaux,Kpélé,2017,Main,Harvest,Cassava,1340.0,5293.0,3.95
Togo,Plateaux,Kpélé,2017,Main,Harvest,Cowpea (unspecified),6440.0,2812.0,0.4366459627329193
Togo,Plateaux,Kpélé,2017,Main,Harvest,Groundnuts (In Shell),115.0,98.0,0.8521739130434782
Togo,Plateaux,Kpélé,2017,Main,Harvest,Maize (Corn),16570.0,24941.0,1.5051901025950514
Togo,Plateaux,Kpélé,2017,Main,Harvest,Sorghum,1615.0,1972.0,1.2210526315789474
Togo,Plateaux,Kpélé,2017,Main,Harvest,Soybean (unspecified),1153.0,754.0,0.6539462272333044
Togo,Plateaux,Kpélé,2017,Main,Harvest,Yams,985.0,8430.0,8.558375634517766
Togo,Plateaux,Kpélé,2018,Annual,Harvest,Rice (Paddy),4544.0,5545.0,1.2202904929577465
Togo,Plateaux,Kpélé,2018,Main,Harvest,Cassava,1380.0,6921.0,5.015217391304348
Togo,Plateaux,Kpélé,2018,Main,Harvest,Cowpea (unspecified),6353.0,3489.0,0.5491893593577837
Togo,Plateaux,Kpélé,2018,Main,Harvest,Groundnuts (In Shell),166.0,159.0,0.9578313253012049
Togo,Plateaux,Kpélé,2018,Main,Harvest,Maize (Corn),17059.0,24538.0,1.4384196025558356
Togo,Plateaux,Kpélé,2018,Main,Harvest,Millet,1505.0,558.0,0.3707641196013289
Togo,Plateaux,Kpélé,2018,Main,Harvest,Sorghum,1760.0,2016.0,1.1454545454545455
Togo,Plateaux,Kpélé,2018,Main,Harvest,Soybean (unspecified),1172.0,797.0,0.6800341296928327
Togo,Plateaux,Kpélé,2018,Main,Harvest,Yams,1265.0,13095.0,10.351778656126482
Togo,Plateaux,Moyen-Mono,2016,Main,Harvest,Cassava,15219.0,61216.0,4.02234049543334
Togo,Plateaux,Moyen-Mono,2016,Main,Harvest,Cowpea (unspecified),7903.0,8075.0,1.0217638871314692
Togo,Plateaux,Moyen-Mono,2016,Main,Harvest,Groundnuts (In Shell),462.0,227.0,0.4913419913419914
Togo,Plateaux,Moyen-Mono,2016,Main,Harvest,Maize (Corn),16409.0,22566.0,1.3752209153513315
Togo,Plateaux,Moyen-Mono,2016,Main,Harvest,Sorghum,2173.0,1598.0,0.7353888633225955
Togo,Plateaux,Moyen-Mono,2016,Main,Harvest,Soybean (unspecified),531.0,218.0,0.4105461393596987
Togo,Plateaux,Moyen-Mono,2016,Main,Harvest,Yams,93.0,305.0,3.2795698924731185
Togo,Plateaux,Moyen-Mono,2017,Annual,Harvest,Rice (Paddy),581.0,948.0,1.6316695352839932
Togo,Plateaux,Moyen-Mono,2017,Main,Harvest,Cassava,9505.0,44008.0,4.629984218832194
Togo,Plateaux,Moyen-Mono,2017,Main,Harvest,Cowpea (unspecified),9710.0,4762.0,0.4904222451081359
Togo,Plateaux,Moyen-Mono,2017,Main,Harvest,Groundnuts (In Shell),1895.0,1606.0,0.8474934036939314
Togo,Plateaux,Moyen-Mono,2017,Main,Harvest,Maize (Corn),18273.0,22978.0,1.2574837191484705
Togo,Plateaux,Moyen-Mono,2017,Main,Harvest,Millet,382.0,382.0,1.0
Togo,Plateaux,Moyen-Mono,2017,Main,Harvest,Sorghum,280.0,204.0,0.7285714285714285
Togo,Plateaux,Moyen-Mono,2017,Main,Harvest,Soybean (unspecified),572.0,266.0,0.4650349650349651
Togo,Plateaux,Moyen-Mono,2017,Main,Harvest,Yams,123.0,372.0,3.024390243902439
Togo,Plateaux,Moyen-Mono,2018,Annual,Harvest,Rice (Paddy),587.0,743.0,1.2657580919931857
Togo,Plateaux,Moyen-Mono,2018,Main,Harvest,Cassava,10043.0,43526.0,4.333963954993528
Togo,Plateaux,Moyen-Mono,2018,Main,Harvest,Cowpea (unspecified),11009.0,6208.0,0.5639022617858116
Togo,Plateaux,Moyen-Mono,2018,Main,Harvest,Groundnuts (In Shell),2201.0,1740.0,0.7905497501135847
Togo,Plateaux,Moyen-Mono,2018,Main,Harvest,Maize (Corn),19407.0,26147.0,1.3472973669294583
Togo,Plateaux,Moyen-Mono,2018,Main,Harvest,Millet,375.0,375.0,1.0
Togo,Plateaux,Moyen-Mono,2018,Main,Harvest,Sorghum,422.0,274.0,0.6492890995260664
Togo,Plateaux,Moyen-Mono,2018,Main,Harvest,Soybean (unspecified),596.0,416.0,0.697986577181208
Togo,Plateaux,Moyen-Mono,2018,Main,Harvest,Yams,142.0,447.0,3.147887323943662
Togo,Plateaux,Ogou,2016,Annual,Harvest,Rice (Paddy),3935.0,4922.0,1.250825921219822
Togo,Plateaux,Ogou,2016,Main,Harvest,Cassava,14803.0,57292.0,3.870296561507802
Togo,Plateaux,Ogou,2016,Main,Harvest,Cowpea (unspecified),20805.0,11090.0,0.5330449411199231
Togo,Plateaux,Ogou,2016,Main,Harvest,Groundnuts (In Shell),2892.0,2767.0,0.956777316735823
Togo,Plateaux,Ogou,2016,Main,Harvest,Maize (Corn),60297.0,88575.0,1.468978556147072
Togo,Plateaux,Ogou,2016,Main,Harvest,Sorghum,12640.0,11308.0,0.894620253164557
Togo,Plateaux,Ogou,2016,Main,Harvest,Soybean (unspecified),6467.0,4481.0,0.6929024277099118
Togo,Plateaux,Ogou,2016,Main,Harvest,Yams,6660.0,60924.0,9.147747747747747
Togo,Plateaux,Ogou,2017,Annual,Harvest,Rice (Paddy),2101.0,2544.0,1.210851975249881
Togo,Plateaux,Ogou,2017,Main,Harvest,Cassava,16038.0,63672.0,3.970071081182192
Togo,Plateaux,Ogou,2017,Main,Harvest,Cowpea (unspecified),34148.0,23801.0,0.6969954316504627
Togo,Plateaux,Ogou,2017,Main,Harvest,Groundnuts (In Shell),2956.0,1972.0,0.6671177266576455
Togo,Plateaux,Ogou,2017,Main,Harvest,Maize (Corn),60426.0,85200.0,1.4099890775493993
Togo,Plateaux,Ogou,2017,Main,Harvest,Sorghum,32848.0,23651.0,0.720013395031661
Togo,Plateaux,Ogou,2017,Main,Harvest,Soybean (unspecified),6966.0,5479.0,0.786534596612116
Togo,Plateaux,Ogou,2017,Main,Harvest,Yams,2708.0,25080.0,9.261447562776958
Togo,Plateaux,Ogou,2018,Annual,Harvest,Rice (Paddy),2206.0,2600.0,1.1786038077969174
Togo,Plateaux,Ogou,2018,Main,Harvest,Cassava,17208.0,71742.0,4.169107391910739
Togo,Plateaux,Ogou,2018,Main,Harvest,Cowpea (unspecified),34569.0,24680.0,0.7139344499406983
Togo,Plateaux,Ogou,2018,Main,Harvest,Groundnuts (In Shell),2400.0,1661.0,0.6920833333333334
Togo,Plateaux,Ogou,2018,Main,Harvest,Maize (Corn),62304.0,93370.0,1.4986196712891628
Togo,Plateaux,Ogou,2018,Main,Harvest,Sorghum,31164.0,34828.0,1.1175715569246567
Togo,Plateaux,Ogou,2018,Main,Harvest,Soybean (unspecified),6904.0,5205.0,0.7539107763615296
Togo,Plateaux,Ogou,2018,Main,Harvest,Yams,2768.0,25306.0,9.142341040462428
Togo,Plateaux,Wawa,2016,Annual,Harvest,Rice (Paddy),862.0,762.0,0.8839907192575406
Togo,Plateaux,Wawa,2016,Main,Harvest,Cassava,5336.0,26173.0,4.904985007496252
Togo,Plateaux,Wawa,2016,Main,Harvest,Cowpea (unspecified),8059.93690851735,2555.0,0.317
Togo,Plateaux,Wawa,2016,Main,Harvest,Groundnuts (In Shell),496.0,220.0,0.4435483870967742
Togo,Plateaux,Wawa,2016,Main,Harvest,Maize (Corn),6708.0,9082.0,1.3539057841383422
Togo,Plateaux,Wawa,2016,Main,Harvest,Yams,455.0,3741.0,8.221978021978021
Togo,Plateaux,Wawa,2017,Annual,Harvest,Rice (Paddy),2195.0,2405.0,1.0956719817767653
Togo,Plateaux,Wawa,2017,Main,Harvest,Cassava,5275.0,25553.0,4.844170616113744
Togo,Plateaux,Wawa,2017,Main,Harvest,Cowpea (unspecified),5135.4359925788485,2768.0,0.539
Togo,Plateaux,Wawa,2017,Main,Harvest,Groundnuts (In Shell),583.0,350.0,0.6003430531732419
Togo,Plateaux,Wawa,2017,Main,Harvest,Maize (Corn),11704.0,15023.0,1.2835782638414217
Togo,Plateaux,Wawa,2017,Main,Harvest,Sorghum,120.0,65.0,0.5416666666666666
Togo,Plateaux,Wawa,2017,Main,Harvest,Yams,811.0,6671.0,8.22564734895191
Togo,Plateaux,Wawa,2018,Annual,Harvest,Rice (Paddy),2688.0,2553.0,0.9497767857142856
Togo,Plateaux,Wawa,2018,Main,Harvest,Cassava,6104.0,31076.0,5.091087811271297
Togo,Plateaux,Wawa,2018,Main,Harvest,Cowpea (unspecified),5387.012987012988,4148.0,0.77
Togo,Plateaux,Wawa,2018,Main,Harvest,Groundnuts (In Shell),509.0,324.0,0.6365422396856582
Togo,Plateaux,Wawa,2018,Main,Harvest,Maize (Corn),12306.0,16954.0,1.377701934015927
Togo,Plateaux,Wawa,2018,Main,Harvest,Sorghum,123.0,67.0,0.5447154471544715
Togo,Plateaux,Wawa,2018,Main,Harvest,Yams,935.0,7830.0,8.374331550802141
